example_id,split,word,source,clip_path
train_0001,train,deaf,MS-ASL,data/msasl/deaf/-LB4ENHxcIs_2255_2321.mp4
train_0002,train,deaf,MS-ASL,data/msasl/deaf/25ymRY7hbjs_5294_5405.mp4
train_0003,train,deaf,MS-ASL,data/msasl/deaf/27djXV1qAss_0_59.mp4
train_0004,train,deaf,MS-ASL,data/msasl/deaf/3RB642y8sgo_13440_13685.mp4
train_0005,train,deaf,MS-ASL,data/msasl/deaf/75BkNdtDsoQ_8859_8931.mp4
train_0006,train,deaf,MS-ASL,data/msasl/deaf/AkGYEiN8vOY_326_477.mp4
train_0007,train,deaf,MS-ASL,data/msasl/deaf/DOZJOFHs75s_3205_3290.mp4
train_0008,train,deaf,MS-ASL,data/msasl/deaf/Eq6SnaimpzQ_1393_1490.mp4
train_0009,train,deaf,MS-ASL,data/msasl/deaf/FNt4N8WFuVY_758_954.mp4
train_0010,train,deaf,MS-ASL,data/msasl/deaf/IgT0jDp56ZM_0_107.mp4
train_0011,train,deaf,MS-ASL,data/msasl/deaf/JHFExZgYdwk_5480_5540.mp4
train_0012,train,deaf,MS-ASL,data/msasl/deaf/MDQQ9WZNwcc_5211_5261.mp4
train_0013,train,deaf,MS-ASL,data/msasl/deaf/MDQQ9WZNwcc_5278_5308.mp4
train_0014,train,deaf,MS-ASL,data/msasl/deaf/UoITyyziLOw_4548_4637.mp4
train_0015,train,deaf,MS-ASL,data/msasl/deaf/WxY7E9P46DM_8655_8812.mp4
train_0016,train,deaf,MS-ASL,data/msasl/deaf/YTRcwXhX4gc_0_58.mp4
train_0017,train,deaf,MS-ASL,data/msasl/deaf/YasOpK1RNvg_39_70.mp4
train_0018,train,deaf,MS-ASL,data/msasl/deaf/ZHUVt5W8UEk_2721_2783.mp4
train_0019,train,deaf,MS-ASL,data/msasl/deaf/_8t-Avfk310_0_128.mp4
train_0020,train,deaf,MS-ASL,data/msasl/deaf/f7COHRpmVKA_1569_1718.mp4
train_0021,train,deaf,MS-ASL,data/msasl/deaf/my4mxg6lXYQ_2221_2281.mp4
train_0022,train,deaf,MS-ASL,data/msasl/deaf/nvaS2J5mcEk_1768_1827.mp4
train_0023,train,deaf,MS-ASL,data/msasl/deaf/owXsDIKq4lk_845_931.mp4
train_0024,train,deaf,MS-ASL,data/msasl/deaf/owXsDIKq4lk_934_1004.mp4
train_0025,train,deaf,MS-ASL,data/msasl/deaf/p8OYydc3WQM_5594_5680.mp4
train_0026,train,deaf,MS-ASL,data/msasl/deaf/rWIDL_GpaJc_1942_2092.mp4
train_0027,train,deaf,MS-ASL,data/msasl/deaf/rnr_aY0X0dQ_4852_4892.mp4
train_0028,train,deaf,MS-ASL,data/msasl/deaf/rnr_aY0X0dQ_4908_4948.mp4
train_0029,train,deaf,MS-ASL,data/msasl/deaf/sP4e9vRUCYM_0_73.mp4
train_0030,train,deaf,MS-ASL,data/msasl/deaf/vcrTUbE1NoY_309_384.mp4
train_0031,train,deaf,MS-ASL,data/msasl/deaf/wkxCnCMo7Mc_1587_1619.mp4
train_0032,train,deaf,WLASL,data/wlasl/deaf/14882.mp4
train_0033,train,deaf,WLASL,data/wlasl/deaf/14883.mp4
train_0034,train,deaf,WLASL,data/wlasl/deaf/14884.mp4
train_0035,train,deaf,WLASL,data/wlasl/deaf/14885.mp4
train_0036,train,deaf,WLASL,data/wlasl/deaf/14886.mp4
train_0037,train,deaf,WLASL,data/wlasl/deaf/14887.mp4
train_0038,train,deaf,WLASL,data/wlasl/deaf/14888.mp4
train_0039,train,deaf,WLASL,data/wlasl/deaf/14893.mp4
train_0040,train,deaf,WLASL,data/wlasl/deaf/14894.mp4
train_0041,train,deaf,WLASL,data/wlasl/deaf/14903.mp4
train_0042,train,deaf,WLASL,data/wlasl/deaf/65445.mp4
train_0043,train,eat,MS-ASL,data/msasl/eat/0YnizmAgAfU_0_113.mp4
train_0044,train,eat,MS-ASL,data/msasl/eat/2nXrJ_7NOgE_15011_15074.mp4
train_0045,train,eat,MS-ASL,data/msasl/eat/5S3qaGLdPmE_22074_22223.mp4
train_0046,train,eat,MS-ASL,data/msasl/eat/6UrcyZ-QeiU_1169_1298.mp4
train_0047,train,eat,MS-ASL,data/msasl/eat/6UrcyZ-QeiU_728_883.mp4
train_0048,train,eat,MS-ASL,data/msasl/eat/6UrcyZ-QeiU_989_1107.mp4
train_0049,train,eat,MS-ASL,data/msasl/eat/9AYysHe14jg_0_52.mp4
train_0050,train,eat,MS-ASL,data/msasl/eat/CDvezLz5yVM_0_114.mp4
train_0051,train,eat,MS-ASL,data/msasl/eat/Cv5avR9nEhg_30956_31093.mp4
train_0052,train,eat,MS-ASL,data/msasl/eat/DGFSZB6BLLc_0_62.mp4
train_0053,train,eat,MS-ASL,data/msasl/eat/E4LtjQ3gUO0_250_380.mp4
train_0054,train,eat,MS-ASL,data/msasl/eat/FNt4N8WFuVY_8654_8824.mp4
train_0055,train,eat,MS-ASL,data/msasl/eat/Gh3mZxIjKFE_0_98.mp4
train_0056,train,eat,MS-ASL,data/msasl/eat/Gs9zBeSIVIE_1138_1215.mp4
train_0057,train,eat,MS-ASL,data/msasl/eat/OmylSinUxns_0_68.mp4
train_0058,train,eat,MS-ASL,data/msasl/eat/PvzBgEcEPew_375_522.mp4
train_0059,train,eat,MS-ASL,data/msasl/eat/PvzBgEcEPew_594_634.mp4
train_0060,train,eat,MS-ASL,data/msasl/eat/R_ES8RZua1g_9385_9477.mp4
train_0061,train,eat,MS-ASL,data/msasl/eat/WxY7E9P46DM_2525_2703.mp4
train_0062,train,eat,MS-ASL,data/msasl/eat/Xt6F1wT394I_3559_3624.mp4
train_0063,train,eat,MS-ASL,data/msasl/eat/XtkDeYBnR8o_621_701.mp4
train_0064,train,eat,MS-ASL,data/msasl/eat/XtkDeYBnR8o_711_771.mp4
train_0065,train,eat,MS-ASL,data/msasl/eat/ga_qPj5JN9c_0_102.mp4
train_0066,train,eat,MS-ASL,data/msasl/eat/hUrfB8bikfw_2778_2799.mp4
train_0067,train,eat,MS-ASL,data/msasl/eat/htsdwxJ-fTo_387_452.mp4
train_0068,train,eat,MS-ASL,data/msasl/eat/jDCw7stJaM4_323_412.mp4
train_0069,train,eat,MS-ASL,data/msasl/eat/jzemBg_G8zU_3511_3688.mp4
train_0070,train,eat,MS-ASL,data/msasl/eat/mC0lNJ6iz-s_31520_31570.mp4
train_0071,train,eat,MS-ASL,data/msasl/eat/mC0lNJ6iz-s_31580_31624.mp4
train_0072,train,eat,MS-ASL,data/msasl/eat/mC0lNJ6iz-s_31642_31677.mp4
train_0073,train,eat,MS-ASL,data/msasl/eat/mC0lNJ6iz-s_31691_31728.mp4
train_0074,train,eat,MS-ASL,data/msasl/eat/mpvWKGLbGW4_0_138.mp4
train_0075,train,eat,MS-ASL,data/msasl/eat/my4mxg6lXYQ_3037_3122.mp4
train_0076,train,eat,MS-ASL,data/msasl/eat/qAF88xW4xPY_1741_1766.mp4
train_0077,train,eat,MS-ASL,data/msasl/eat/q_p38s5JsXo_4413_4469.mp4
train_0078,train,eat,MS-ASL,data/msasl/eat/q_p38s5JsXo_4459_4496.mp4
train_0079,train,eat,MS-ASL,data/msasl/eat/rkQZQhloXuE_4354_4518.mp4
train_0080,train,eat,MS-ASL,data/msasl/eat/rkQZQhloXuE_4552_4605.mp4
train_0081,train,eat,MS-ASL,data/msasl/eat/rkQZQhloXuE_4635_4695.mp4
train_0082,train,eat,MS-ASL,data/msasl/eat/sErq0TJMKEo_3858_3981.mp4
train_0083,train,eat,MS-ASL,data/msasl/eat/thdb-I-H9kE_226_313.mp4
train_0084,train,eat,MS-ASL,data/msasl/eat/vE4RFGPqGqY_67_142.mp4
train_0085,train,eat,MS-ASL,data/msasl/eat/wecMr8cvy0M_0_82.mp4
train_0086,train,eat,WLASL,data/wlasl/eat/18323.mp4
train_0087,train,eat,WLASL,data/wlasl/eat/18324.mp4
train_0088,train,eat,WLASL,data/wlasl/eat/18325.mp4
train_0089,train,eat,WLASL,data/wlasl/eat/18329.mp4
train_0090,train,eat,WLASL,data/wlasl/eat/18335.mp4
train_0091,train,eat,WLASL,data/wlasl/eat/65601.mp4
train_0092,train,eat,WLASL,data/wlasl/eat/69307.mp4
train_0093,train,father,MS-ASL,data/msasl/father/0s7TWj-mHgI_0_102.mp4
train_0094,train,father,MS-ASL,data/msasl/father/12Cqpj9g96Q_855_938.mp4
train_0095,train,father,MS-ASL,data/msasl/father/1E8k8gI_xYk_1054_1158.mp4
train_0096,train,father,MS-ASL,data/msasl/father/1E8k8gI_xYk_1260_1320.mp4
train_0097,train,father,MS-ASL,data/msasl/father/25ymRY7hbjs_3723_3846.mp4
train_0098,train,father,MS-ASL,data/msasl/father/3zoqSvF0Z2A_2254_2299.mp4
train_0099,train,father,MS-ASL,data/msasl/father/6UrcyZ-QeiU_2637_2677.mp4
train_0100,train,father,MS-ASL,data/msasl/father/6UrcyZ-QeiU_2717_2767.mp4
train_0101,train,father,MS-ASL,data/msasl/father/6UrcyZ-QeiU_2897_2947.mp4
train_0102,train,father,MS-ASL,data/msasl/father/6UrcyZ-QeiU_2967_3027.mp4
train_0103,train,father,MS-ASL,data/msasl/father/6UrcyZ-QeiU_3037_3087.mp4
train_0104,train,father,MS-ASL,data/msasl/father/75BkNdtDsoQ_5882_5937.mp4
train_0105,train,father,MS-ASL,data/msasl/father/Ag5VPvAe8PA_1432_1551.mp4
train_0106,train,father,MS-ASL,data/msasl/father/KHJjHjG-8JU_806_886.mp4
train_0107,train,father,MS-ASL,data/msasl/father/KHJjHjG-8JU_926_1006.mp4
train_0108,train,father,MS-ASL,data/msasl/father/KRrKqGEGdMg_16317_16437.mp4
train_0109,train,father,MS-ASL,data/msasl/father/KftGqsKKn7w_2651_2823.mp4
train_0110,train,father,MS-ASL,data/msasl/father/TwkGS9TjUX8_5127_5306.mp4
train_0111,train,father,MS-ASL,data/msasl/father/UXetwN_cI5A_10032_10102.mp4
train_0112,train,father,MS-ASL,data/msasl/father/UXetwN_cI5A_9912_9972.mp4
train_0113,train,father,MS-ASL,data/msasl/father/XUg1eKl65p4_604_742.mp4
train_0114,train,father,MS-ASL,data/msasl/father/ZEAiYaeLTZs_0_110.mp4
train_0115,train,father,MS-ASL,data/msasl/father/_3uIYCAkNL8_0_79.mp4
train_0116,train,father,MS-ASL,data/msasl/father/ckNZidesfIA_163_298.mp4
train_0117,train,father,MS-ASL,data/msasl/father/d4ms2NX2Q5c_0_157.mp4
train_0118,train,father,MS-ASL,data/msasl/father/fJVwZyjEa4k_738_848.mp4
train_0119,train,father,MS-ASL,data/msasl/father/htsdwxJ-fTo_216_284.mp4
train_0120,train,father,MS-ASL,data/msasl/father/iHR2uV-Uxc8_2244_2299.mp4
train_0121,train,father,MS-ASL,data/msasl/father/mfrGIHTnKvI_900_938.mp4
train_0122,train,father,MS-ASL,data/msasl/father/pv1yeA4iHmU_2671_2823.mp4
train_0123,train,father,MS-ASL,data/msasl/father/rkQZQhloXuE_3389_3449.mp4
train_0124,train,father,MS-ASL,data/msasl/father/rkQZQhloXuE_3469_3539.mp4
train_0125,train,father,WLASL,data/wlasl/father/21204.mp4
train_0126,train,father,WLASL,data/wlasl/father/21205.mp4
train_0127,train,father,WLASL,data/wlasl/father/21207.mp4
train_0128,train,father,WLASL,data/wlasl/father/21209.mp4
train_0129,train,father,WLASL,data/wlasl/father/21212.mp4
train_0130,train,father,WLASL,data/wlasl/father/21221.mp4
train_0131,train,father,WLASL,data/wlasl/father/69318.mp4
train_0132,train,finish,MS-ASL,data/msasl/finish/2nXrJ_7NOgE_3284_3393.mp4
train_0133,train,finish,MS-ASL,data/msasl/finish/3_lBaA2U6aY_14581_14605.mp4
train_0134,train,finish,MS-ASL,data/msasl/finish/5S3qaGLdPmE_3289_3408.mp4
train_0135,train,finish,MS-ASL,data/msasl/finish/6HuiEGvr8Zg_0_119.mp4
train_0136,train,finish,MS-ASL,data/msasl/finish/7xQE2N0z7gM_0_83.mp4
train_0137,train,finish,MS-ASL,data/msasl/finish/Cv5avR9nEhg_6225_6295.mp4
train_0138,train,finish,MS-ASL,data/msasl/finish/Cv5avR9nEhg_6325_6395.mp4
train_0139,train,finish,MS-ASL,data/msasl/finish/DZEs6UDnPHA_21141_21178.mp4
train_0140,train,finish,MS-ASL,data/msasl/finish/Gs9zBeSIVIE_6470_6545.mp4
train_0141,train,finish,MS-ASL,data/msasl/finish/IMF7K2ClfQc_4225_4403.mp4
train_0142,train,finish,MS-ASL,data/msasl/finish/K4lo0NZDlH8_12591_12651.mp4
train_0143,train,finish,MS-ASL,data/msasl/finish/L1ocXM_uzLA_140_270.mp4
train_0144,train,finish,MS-ASL,data/msasl/finish/L1ocXM_uzLA_50_140.mp4
train_0145,train,finish,MS-ASL,data/msasl/finish/Tckw40A23Bc_12982_13061.mp4
train_0146,train,finish,MS-ASL,data/msasl/finish/Tckw40A23Bc_13066_13119.mp4
train_0147,train,finish,MS-ASL,data/msasl/finish/Tckw40A23Bc_13126_13178.mp4
train_0148,train,finish,MS-ASL,data/msasl/finish/UoITyyziLOw_6571_6624.mp4
train_0149,train,finish,MS-ASL,data/msasl/finish/Vintf-DLWq0_615_658.mp4
train_0150,train,finish,MS-ASL,data/msasl/finish/Vintf-DLWq0_635_670.mp4
train_0151,train,finish,MS-ASL,data/msasl/finish/Vintf-DLWq0_672_694.mp4
train_0152,train,finish,MS-ASL,data/msasl/finish/WxY7E9P46DM_3127_3283.mp4
train_0153,train,finish,MS-ASL,data/msasl/finish/XtkDeYBnR8o_2986_3166.mp4
train_0154,train,finish,MS-ASL,data/msasl/finish/ZG4u7LDCN8A_1878_1941.mp4
train_0155,train,finish,MS-ASL,data/msasl/finish/ZHUVt5W8UEk_4673_4734.mp4
train_0156,train,finish,MS-ASL,data/msasl/finish/a9aoS1DL93k_2558_2617.mp4
train_0157,train,finish,MS-ASL,data/msasl/finish/bq-HmgjGzmw_9189_9331.mp4
train_0158,train,finish,MS-ASL,data/msasl/finish/gYB8ji01BLo_0_69.mp4
train_0159,train,finish,MS-ASL,data/msasl/finish/hYLBYbojIBc_0_80.mp4
train_0160,train,finish,MS-ASL,data/msasl/finish/kdz5f_PJxDk_21214_21333.mp4
train_0161,train,finish,MS-ASL,data/msasl/finish/lElR-sVcYyw_26481_26552.mp4
train_0162,train,finish,MS-ASL,data/msasl/finish/mC0lNJ6iz-s_34392_34492.mp4
train_0163,train,finish,MS-ASL,data/msasl/finish/p36hZJQpLoQ_4130_4223.mp4
train_0164,train,finish,MS-ASL,data/msasl/finish/rkQZQhloXuE_6056_6106.mp4
train_0165,train,finish,MS-ASL,data/msasl/finish/rkQZQhloXuE_6136_6186.mp4
train_0166,train,finish,MS-ASL,data/msasl/finish/u0XAd3TkGaA_19404_19553.mp4
train_0167,train,finish,MS-ASL,data/msasl/finish/v3ncKPr_8ro_0_49.mp4
train_0168,train,finish,MS-ASL,data/msasl/finish/yG09SQB0Hds_3677_3706.mp4
train_0169,train,finish,WLASL,data/wlasl/finish/21941.mp4
train_0170,train,finish,WLASL,data/wlasl/finish/21942.mp4
train_0171,train,finish,WLASL,data/wlasl/finish/21943.mp4
train_0172,train,finish,WLASL,data/wlasl/finish/21944.mp4
train_0173,train,finish,WLASL,data/wlasl/finish/21945.mp4
train_0174,train,finish,WLASL,data/wlasl/finish/21949.mp4
train_0175,train,finish,WLASL,data/wlasl/finish/21950.mp4
train_0176,train,finish,WLASL,data/wlasl/finish/21951.mp4
train_0177,train,finish,WLASL,data/wlasl/finish/65721.mp4
train_0178,train,good,MS-ASL,data/msasl/good/07hyGF-PcWs_0_128.mp4
train_0179,train,good,MS-ASL,data/msasl/good/2nXrJ_7NOgE_9837_9950.mp4
train_0180,train,good,MS-ASL,data/msasl/good/5Sb-YjNphkY_8650_8835.mp4
train_0181,train,good,MS-ASL,data/msasl/good/AFCgNBsQOTk_0_122.mp4
train_0182,train,good,MS-ASL,data/msasl/good/Cv5avR9nEhg_18986_19056.mp4
train_0183,train,good,MS-ASL,data/msasl/good/Cv5avR9nEhg_19076_19166.mp4
train_0184,train,good,MS-ASL,data/msasl/good/Fef0GDkOO6k_0_155.mp4
train_0185,train,good,MS-ASL,data/msasl/good/Fef0GDkOO6k_155_270.mp4
train_0186,train,good,MS-ASL,data/msasl/good/Fef0GDkOO6k_270_440.mp4
train_0187,train,good,MS-ASL,data/msasl/good/P4QA138QqZc_0_75.mp4
train_0188,train,good,MS-ASL,data/msasl/good/PygPDLrGBwE_0_69.mp4
train_0189,train,good,MS-ASL,data/msasl/good/R_ES8RZua1g_15233_15282.mp4
train_0190,train,good,MS-ASL,data/msasl/good/SC9lyDxbwUE_3481_3600.mp4
train_0191,train,good,MS-ASL,data/msasl/good/WprUBqi3iBc_6296_6412.mp4
train_0192,train,good,MS-ASL,data/msasl/good/_ZlZH4b0C44_428_457.mp4
train_0193,train,good,MS-ASL,data/msasl/good/dMZ-SCl7nA4_3427_3488.mp4
train_0194,train,good,MS-ASL,data/msasl/good/nvaS2J5mcEk_10129_10188.mp4
train_0195,train,good,MS-ASL,data/msasl/good/nvaS2J5mcEk_3626_3715.mp4
train_0196,train,good,MS-ASL,data/msasl/good/p8OYydc3WQM_3612_3708.mp4
train_0197,train,good,MS-ASL,data/msasl/good/p8OYydc3WQM_4701_4828.mp4
train_0198,train,good,MS-ASL,data/msasl/good/q38xuZH11jw_6865_6978.mp4
train_0199,train,good,MS-ASL,data/msasl/good/u0XAd3TkGaA_33601_33684.mp4
train_0200,train,good,MS-ASL,data/msasl/good/u0XAd3TkGaA_33696_33750.mp4
train_0201,train,good,MS-ASL,data/msasl/good/uPKOwziViaw_7273_7357.mp4
train_0202,train,good,MS-ASL,data/msasl/good/wOw8gVHd1Ck_215_279.mp4
train_0203,train,good,WLASL,data/wlasl/good/25066.mp4
train_0204,train,good,WLASL,data/wlasl/good/25067.mp4
train_0205,train,good,WLASL,data/wlasl/good/25068.mp4
train_0206,train,good,WLASL,data/wlasl/good/25069.mp4
train_0207,train,good,WLASL,data/wlasl/good/25070.mp4
train_0208,train,good,WLASL,data/wlasl/good/25072.mp4
train_0209,train,good,WLASL,data/wlasl/good/25073.mp4
train_0210,train,good,WLASL,data/wlasl/good/25076.mp4
train_0211,train,good,WLASL,data/wlasl/good/65835.mp4
train_0212,train,good,WLASL,data/wlasl/good/69347.mp4
train_0213,train,happy,MS-ASL,data/msasl/happy/D5Glywo1wSA_190_263.mp4
train_0214,train,happy,MS-ASL,data/msasl/happy/D5Glywo1wSA_50_170.mp4
train_0215,train,happy,MS-ASL,data/msasl/happy/Eq6SnaimpzQ_3593_3672.mp4
train_0216,train,happy,MS-ASL,data/msasl/happy/HVtHrQuNA8Q_0_123.mp4
train_0217,train,happy,MS-ASL,data/msasl/happy/QBwuhvz8LAk_0_70.mp4
train_0218,train,happy,MS-ASL,data/msasl/happy/QTbj2GM5ohs_728_848.mp4
train_0219,train,happy,MS-ASL,data/msasl/happy/SC9lyDxbwUE_1493_1612.mp4
train_0220,train,happy,MS-ASL,data/msasl/happy/TpsMdNqKNpg_0_40.mp4
train_0221,train,happy,MS-ASL,data/msasl/happy/ZHUVt5W8UEk_6501_6563.mp4
train_0222,train,happy,MS-ASL,data/msasl/happy/ZXHHO_DY6_A_0_89.mp4
train_0223,train,happy,MS-ASL,data/msasl/happy/bCVQXygujmo_0_122.mp4
train_0224,train,happy,MS-ASL,data/msasl/happy/fKjsdtMU3fc_2427_2509.mp4
train_0225,train,happy,MS-ASL,data/msasl/happy/fKjsdtMU3fc_2509_2595.mp4
train_0226,train,happy,MS-ASL,data/msasl/happy/fKjsdtMU3fc_2595_2645.mp4
train_0227,train,happy,MS-ASL,data/msasl/happy/fnhiGz4qE_I_869_916.mp4
train_0228,train,happy,MS-ASL,data/msasl/happy/fnhiGz4qE_I_924_965.mp4
train_0229,train,happy,MS-ASL,data/msasl/happy/jQb9NL9_S6U_4452_4527.mp4
train_0230,train,happy,MS-ASL,data/msasl/happy/m5H0ypryFRM_0_68.mp4
train_0231,train,happy,MS-ASL,data/msasl/happy/q8FmbxAC2VA_20_90.mp4
train_0232,train,happy,MS-ASL,data/msasl/happy/rkQZQhloXuE_8813_8863.mp4
train_0233,train,happy,MS-ASL,data/msasl/happy/rkQZQhloXuE_8880_8940.mp4
train_0234,train,happy,MS-ASL,data/msasl/happy/sEjaTTIdHhk_2362_2481.mp4
train_0235,train,happy,MS-ASL,data/msasl/happy/vcrTUbE1NoY_4636_4718.mp4
train_0236,train,happy,WLASL,data/wlasl/happy/26524.mp4
train_0237,train,happy,WLASL,data/wlasl/happy/26525.mp4
train_0238,train,happy,WLASL,data/wlasl/happy/26526.mp4
train_0239,train,happy,WLASL,data/wlasl/happy/26527.mp4
train_0240,train,happy,WLASL,data/wlasl/happy/26530.mp4
train_0241,train,happy,WLASL,data/wlasl/happy/26531.mp4
train_0242,train,happy,WLASL,data/wlasl/happy/26532.mp4
train_0243,train,happy,WLASL,data/wlasl/happy/26537.mp4
train_0244,train,hello,MS-ASL,data/msasl/hello/25ymRY7hbjs_5800_5899.mp4
train_0245,train,hello,MS-ASL,data/msasl/hello/3zoqSvF0Z2A_6608_6675.mp4
train_0246,train,hello,MS-ASL,data/msasl/hello/75BkNdtDsoQ_9796_9995.mp4
train_0247,train,hello,MS-ASL,data/msasl/hello/7iuyJ84wvds_0_45.mp4
train_0248,train,hello,MS-ASL,data/msasl/hello/97WDRBCtj0o_0_138.mp4
train_0249,train,hello,MS-ASL,data/msasl/hello/Eq6SnaimpzQ_4037_4116.mp4
train_0250,train,hello,MS-ASL,data/msasl/hello/FVjpLa8GqeM_0_52.mp4
train_0251,train,hello,MS-ASL,data/msasl/hello/FbBdHdmt5oI_0_70.mp4
train_0252,train,hello,MS-ASL,data/msasl/hello/JHFExZgYdwk_252_374.mp4
train_0253,train,hello,MS-ASL,data/msasl/hello/QB44Vddoi-w_0_49.mp4
train_0254,train,hello,MS-ASL,data/msasl/hello/RRzbB2rg4VM_0_68.mp4
train_0255,train,hello,MS-ASL,data/msasl/hello/WxY7E9P46DM_0_134.mp4
train_0256,train,hello,MS-ASL,data/msasl/hello/gU5EI_ZTzxw_347_381.mp4
train_0257,train,hello,MS-ASL,data/msasl/hello/p36hZJQpLoQ_2789_2841.mp4
train_0258,train,hello,MS-ASL,data/msasl/hello/p8OYydc3WQM_308_441.mp4
train_0259,train,hello,MS-ASL,data/msasl/hello/sEjaTTIdHhk_235_372.mp4
train_0260,train,hello,MS-ASL,data/msasl/hello/uPKOwziViaw_8752_8834.mp4
train_0261,train,hello,MS-ASL,data/msasl/hello/yG09SQB0Hds_1874_1903.mp4
train_0262,train,hello,MS-ASL,data/msasl/hello/yG09SQB0Hds_540_569.mp4
train_0263,train,hello,WLASL,data/wlasl/hello/27172.mp4
train_0264,train,hello,WLASL,data/wlasl/hello/27173.mp4
train_0265,train,hello,WLASL,data/wlasl/hello/27177.mp4
train_0266,train,hello,WLASL,data/wlasl/hello/27184.mp4
train_0267,train,learn,MS-ASL,data/msasl/learn/-LB4ENHxcIs_2785_2849.mp4
train_0268,train,learn,MS-ASL,data/msasl/learn/2j7WDaPzZJ8_0_86.mp4
train_0269,train,learn,MS-ASL,data/msasl/learn/78mzpzvN9tc_0_101.mp4
train_0270,train,learn,MS-ASL,data/msasl/learn/8OGGZyG8S9g_14782_14852.mp4
train_0271,train,learn,MS-ASL,data/msasl/learn/8OGGZyG8S9g_14892_14962.mp4
train_0272,train,learn,MS-ASL,data/msasl/learn/AniXuG0CYPY_0_76.mp4
train_0273,train,learn,MS-ASL,data/msasl/learn/DOZJOFHs75s_2535_2597.mp4
train_0274,train,learn,MS-ASL,data/msasl/learn/DOZJOFHs75s_2574_2667.mp4
train_0275,train,learn,MS-ASL,data/msasl/learn/E535Rmh3Foc_0_92.mp4
train_0276,train,learn,MS-ASL,data/msasl/learn/Eq6SnaimpzQ_5293_5372.mp4
train_0277,train,learn,MS-ASL,data/msasl/learn/FNt4N8WFuVY_429_575.mp4
train_0278,train,learn,MS-ASL,data/msasl/learn/K4lo0NZDlH8_8898_8997.mp4
train_0279,train,learn,MS-ASL,data/msasl/learn/OB1xBzqD8WY_840_880.mp4
train_0280,train,learn,MS-ASL,data/msasl/learn/OB1xBzqD8WY_888_921.mp4
train_0281,train,learn,MS-ASL,data/msasl/learn/OB1xBzqD8WY_990_1028.mp4
train_0282,train,learn,MS-ASL,data/msasl/learn/TDoqoJDX280_1408_1560.mp4
train_0283,train,learn,MS-ASL,data/msasl/learn/Z7xpMMsLLsc_0_88.mp4
train_0284,train,learn,MS-ASL,data/msasl/learn/f7COHRpmVKA_1186_1335.mp4
train_0285,train,learn,MS-ASL,data/msasl/learn/iHR2uV-Uxc8_10003_10024.mp4
train_0286,train,learn,MS-ASL,data/msasl/learn/l6p_qjqrSps_0_73.mp4
train_0287,train,learn,MS-ASL,data/msasl/learn/mfrGIHTnKvI_2604_2660.mp4
train_0288,train,learn,MS-ASL,data/msasl/learn/n-b2NMAwk28_0_104.mp4
train_0289,train,learn,MS-ASL,data/msasl/learn/nvaS2J5mcEk_6143_6232.mp4
train_0290,train,learn,MS-ASL,data/msasl/learn/oDDEMBNkB9M_7682_7748.mp4
train_0291,train,learn,MS-ASL,data/msasl/learn/owXsDIKq4lk_1251_1311.mp4
train_0292,train,learn,MS-ASL,data/msasl/learn/p8OYydc3WQM_1729_1788.mp4
train_0293,train,learn,MS-ASL,data/msasl/learn/rWIDL_GpaJc_3365_3520.mp4
train_0294,train,learn,MS-ASL,data/msasl/learn/rnr_aY0X0dQ_9412_9547.mp4
train_0295,train,learn,MS-ASL,data/msasl/learn/uPKOwziViaw_11234_11311.mp4
train_0296,train,learn,MS-ASL,data/msasl/learn/vcrTUbE1NoY_689_754.mp4
train_0297,train,learn,WLASL,data/wlasl/learn/32604.mp4
train_0298,train,learn,WLASL,data/wlasl/learn/32605.mp4
train_0299,train,learn,WLASL,data/wlasl/learn/32606.mp4
train_0300,train,learn,WLASL,data/wlasl/learn/32607.mp4
train_0301,train,learn,WLASL,data/wlasl/learn/32608.mp4
train_0302,train,learn,WLASL,data/wlasl/learn/32612.mp4
train_0303,train,learn,WLASL,data/wlasl/learn/32616.mp4
train_0304,train,learn,WLASL,data/wlasl/learn/66024.mp4
train_0305,train,like,MS-ASL,data/msasl/like/8uIg8r1awC4_0_71.mp4
train_0306,train,like,MS-ASL,data/msasl/like/Ag5VPvAe8PA_5911_5954.mp4
train_0307,train,like,MS-ASL,data/msasl/like/Eq6SnaimpzQ_5422_5501.mp4
train_0308,train,like,MS-ASL,data/msasl/like/FNt4N8WFuVY_19122_19235.mp4
train_0309,train,like,MS-ASL,data/msasl/like/GqF8lSxalYo_100_210.mp4
train_0310,train,like,MS-ASL,data/msasl/like/GqF8lSxalYo_340_450.mp4
train_0311,train,like,MS-ASL,data/msasl/like/KRrKqGEGdMg_9630_9779.mp4
train_0312,train,like,MS-ASL,data/msasl/like/MDQQ9WZNwcc_5789_5883.mp4
train_0313,train,like,MS-ASL,data/msasl/like/OzkMuzJUdDc_0_70.mp4
train_0314,train,like,MS-ASL,data/msasl/like/OzkMuzJUdDc_70_146.mp4
train_0315,train,like,MS-ASL,data/msasl/like/R_ES8RZua1g_7093_7152.mp4
train_0316,train,like,MS-ASL,data/msasl/like/SbXfT74yfDI_0_89.mp4
train_0317,train,like,MS-ASL,data/msasl/like/TwkGS9TjUX8_12673_12723.mp4
train_0318,train,like,MS-ASL,data/msasl/like/TwkGS9TjUX8_12680_12730.mp4
train_0319,train,like,MS-ASL,data/msasl/like/UoITyyziLOw_5473_5558.mp4
train_0320,train,like,MS-ASL,data/msasl/like/Xt6F1wT394I_5810_5941.mp4
train_0321,train,like,MS-ASL,data/msasl/like/ZG4u7LDCN8A_3678_3829.mp4
train_0322,train,like,MS-ASL,data/msasl/like/c2W6TVd_xh4_2403_2537.mp4
train_0323,train,like,MS-ASL,data/msasl/like/eN6g-Bezw3M_0_50.mp4
train_0324,train,like,MS-ASL,data/msasl/like/fKjsdtMU3fc_10260_10319.mp4
train_0325,train,like,MS-ASL,data/msasl/like/fKjsdtMU3fc_9970_10097.mp4
train_0326,train,like,MS-ASL,data/msasl/like/htsdwxJ-fTo_1841_1918.mp4
train_0327,train,like,MS-ASL,data/msasl/like/kAnBm2RQb-0_191_281.mp4
train_0328,train,like,MS-ASL,data/msasl/like/kAnBm2RQb-0_69_111.mp4
train_0329,train,like,MS-ASL,data/msasl/like/lElR-sVcYyw_7650_7799.mp4
train_0330,train,like,MS-ASL,data/msasl/like/mCjHYreiZ24_13480_13628.mp4
train_0331,train,like,MS-ASL,data/msasl/like/nvaS2J5mcEk_6293_6382.mp4
train_0332,train,like,MS-ASL,data/msasl/like/qK3SqANZheA_0_79.mp4
train_0333,train,like,MS-ASL,data/msasl/like/q_p38s5JsXo_3696_3783.mp4
train_0334,train,like,MS-ASL,data/msasl/like/rVBv13texI0_0_138.mp4
train_0335,train,like,MS-ASL,data/msasl/like/rWIDL_GpaJc_13941_14110.mp4
train_0336,train,like,MS-ASL,data/msasl/like/uPKOwziViaw_11325_11502.mp4
train_0337,train,like,WLASL,data/wlasl/like/33266.mp4
train_0338,train,like,WLASL,data/wlasl/like/33267.mp4
train_0339,train,like,WLASL,data/wlasl/like/33268.mp4
train_0340,train,like,WLASL,data/wlasl/like/33269.mp4
train_0341,train,like,WLASL,data/wlasl/like/33270.mp4
train_0342,train,like,WLASL,data/wlasl/like/33273.mp4
train_0343,train,like,WLASL,data/wlasl/like/33274.mp4
train_0344,train,like,WLASL,data/wlasl/like/33285.mp4
train_0345,train,like,WLASL,data/wlasl/like/33286.mp4
train_0346,train,like,WLASL,data/wlasl/like/69389.mp4
train_0347,train,mother,MS-ASL,data/msasl/mother/12Cqpj9g96Q_787_851.mp4
train_0348,train,mother,MS-ASL,data/msasl/mother/1E8k8gI_xYk_1160_1230.mp4
train_0349,train,mother,MS-ASL,data/msasl/mother/6UrcyZ-QeiU_2135_2175.mp4
train_0350,train,mother,MS-ASL,data/msasl/mother/6UrcyZ-QeiU_2275_2315.mp4
train_0351,train,mother,MS-ASL,data/msasl/mother/6UrcyZ-QeiU_2355_2405.mp4
train_0352,train,mother,MS-ASL,data/msasl/mother/6UrcyZ-QeiU_2425_2485.mp4
train_0353,train,mother,MS-ASL,data/msasl/mother/6UrcyZ-QeiU_2505_2555.mp4
train_0354,train,mother,MS-ASL,data/msasl/mother/75BkNdtDsoQ_5582_5616.mp4
train_0355,train,mother,MS-ASL,data/msasl/mother/Ag5VPvAe8PA_1278_1397.mp4
train_0356,train,mother,MS-ASL,data/msasl/mother/DHl2-NT3mIM_0_89.mp4
train_0357,train,mother,MS-ASL,data/msasl/mother/KHJjHjG-8JU_590_786.mp4
train_0358,train,mother,MS-ASL,data/msasl/mother/KRrKqGEGdMg_16050_16150.mp4
train_0359,train,mother,MS-ASL,data/msasl/mother/KftGqsKKn7w_2847_3014.mp4
train_0360,train,mother,MS-ASL,data/msasl/mother/TwkGS9TjUX8_1030_1090.mp4
train_0361,train,mother,MS-ASL,data/msasl/mother/TwkGS9TjUX8_890_960.mp4
train_0362,train,mother,MS-ASL,data/msasl/mother/TwkGS9TjUX8_960_1020.mp4
train_0363,train,mother,MS-ASL,data/msasl/mother/UXetwN_cI5A_18411_18481.mp4
train_0364,train,mother,MS-ASL,data/msasl/mother/UXetwN_cI5A_18581_18661.mp4
train_0365,train,mother,MS-ASL,data/msasl/mother/V6fbyDlMwBQ_0_110.mp4
train_0366,train,mother,MS-ASL,data/msasl/mother/bY0-Nd_XvmE_0_114.mp4
train_0367,train,mother,MS-ASL,data/msasl/mother/ckNZidesfIA_300_434.mp4
train_0368,train,mother,MS-ASL,data/msasl/mother/fJVwZyjEa4k_850_968.mp4
train_0369,train,mother,MS-ASL,data/msasl/mother/htsdwxJ-fTo_144_198.mp4
train_0370,train,mother,MS-ASL,data/msasl/mother/iHR2uV-Uxc8_2072_2115.mp4
train_0371,train,mother,MS-ASL,data/msasl/mother/ktnsWSvF4uw_0_42.mp4
train_0372,train,mother,MS-ASL,data/msasl/mother/mfrGIHTnKvI_873_894.mp4
train_0373,train,mother,MS-ASL,data/msasl/mother/p0pH9V0frOs_80_230.mp4
train_0374,train,mother,MS-ASL,data/msasl/mother/pv1yeA4iHmU_2449_2607.mp4
train_0375,train,mother,MS-ASL,data/msasl/mother/rkQZQhloXuE_3199_3259.mp4
train_0376,train,mother,MS-ASL,data/msasl/mother/rkQZQhloXuE_3279_3339.mp4
train_0377,train,mother,MS-ASL,data/msasl/mother/wlZkTTc_0EU_0_116.mp4
train_0378,train,mother,MS-ASL,data/msasl/mother/wv5nc3pbyK0_223_303.mp4
train_0379,train,mother,WLASL,data/wlasl/mother/36929.mp4
train_0380,train,mother,WLASL,data/wlasl/mother/36930.mp4
train_0381,train,mother,WLASL,data/wlasl/mother/36931.mp4
train_0382,train,mother,WLASL,data/wlasl/mother/36932.mp4
train_0383,train,mother,WLASL,data/wlasl/mother/36933.mp4
train_0384,train,mother,WLASL,data/wlasl/mother/36936.mp4
train_0385,train,mother,WLASL,data/wlasl/mother/36937.mp4
train_0386,train,mother,WLASL,data/wlasl/mother/36946.mp4
train_0387,train,mother,WLASL,data/wlasl/mother/66146.mp4
train_0388,train,mother,WLASL,data/wlasl/mother/66147.mp4
train_0389,train,mother,WLASL,data/wlasl/mother/69402.mp4
train_0390,train,need,MS-ASL,data/msasl/need/2nXrJ_7NOgE_3506_3605.mp4
train_0391,train,need,MS-ASL,data/msasl/need/3_lBaA2U6aY_14456_14534.mp4
train_0392,train,need,MS-ASL,data/msasl/need/4Nh1iFv2BMc_6648_6789.mp4
train_0393,train,need,MS-ASL,data/msasl/need/5S3qaGLdPmE_3605_3724.mp4
train_0394,train,need,MS-ASL,data/msasl/need/CSj7IScvZnE_4340_4448.mp4
train_0395,train,need,MS-ASL,data/msasl/need/CSj7IScvZnE_4888_5004.mp4
train_0396,train,need,MS-ASL,data/msasl/need/Cv5avR9nEhg_6667_6737.mp4
train_0397,train,need,MS-ASL,data/msasl/need/Cv5avR9nEhg_6767_6837.mp4
train_0398,train,need,MS-ASL,data/msasl/need/J2HnODSKTTk_0_106.mp4
train_0399,train,need,MS-ASL,data/msasl/need/JHFExZgYdwk_5875_5945.mp4
train_0400,train,need,MS-ASL,data/msasl/need/KRrKqGEGdMg_20989_21138.mp4
train_0401,train,need,MS-ASL,data/msasl/need/MDQQ9WZNwcc_8407_8545.mp4
train_0402,train,need,MS-ASL,data/msasl/need/OSpNDIzYRTw_10020_10150.mp4
train_0403,train,need,MS-ASL,data/msasl/need/OSpNDIzYRTw_10150_10360.mp4
train_0404,train,need,MS-ASL,data/msasl/need/OSpNDIzYRTw_9779_9879.mp4
train_0405,train,need,MS-ASL,data/msasl/need/OSpNDIzYRTw_9879_9989.mp4
train_0406,train,need,MS-ASL,data/msasl/need/R_ES8RZua1g_7415_7603.mp4
train_0407,train,need,MS-ASL,data/msasl/need/TDoqoJDX280_1770_1943.mp4
train_0408,train,need,MS-ASL,data/msasl/need/TwkGS9TjUX8_2764_2913.mp4
train_0409,train,need,MS-ASL,data/msasl/need/UXetwN_cI5A_23555_23625.mp4
train_0410,train,need,MS-ASL,data/msasl/need/UXetwN_cI5A_23675_23745.mp4
train_0411,train,need,MS-ASL,data/msasl/need/UoITyyziLOw_5904_6068.mp4
train_0412,train,need,MS-ASL,data/msasl/need/XDH2QGZpMT4_0_62.mp4
train_0413,train,need,MS-ASL,data/msasl/need/Xt6F1wT394I_3339_3397.mp4
train_0414,train,need,MS-ASL,data/msasl/need/fKjsdtMU3fc_7282_7440.mp4
train_0415,train,need,MS-ASL,data/msasl/need/jQb9NL9_S6U_10780_10870.mp4
train_0416,train,need,MS-ASL,data/msasl/need/kgmz82HWI-I_0_61.mp4
train_0417,train,need,MS-ASL,data/msasl/need/my4mxg6lXYQ_8298_8404.mp4
train_0418,train,need,MS-ASL,data/msasl/need/sG6kSLPCQ3A_1078_1228.mp4
train_0419,train,need,MS-ASL,data/msasl/need/sG6kSLPCQ3A_988_1078.mp4
train_0420,train,need,WLASL,data/wlasl/need/37881.mp4
train_0421,train,need,WLASL,data/wlasl/need/37882.mp4
train_0422,train,need,WLASL,data/wlasl/need/37883.mp4
train_0423,train,need,WLASL,data/wlasl/need/37884.mp4
train_0424,train,need,WLASL,data/wlasl/need/37886.mp4
train_0425,train,need,WLASL,data/wlasl/need/37894.mp4
train_0426,train,nice,MS-ASL,data/msasl/nice/25ymRY7hbjs_6615_6725.mp4
train_0427,train,nice,MS-ASL,data/msasl/nice/2PeTh4Ym048_0_98.mp4
train_0428,train,nice,MS-ASL,data/msasl/nice/3aXS3keR8oY_0_92.mp4
train_0429,train,nice,MS-ASL,data/msasl/nice/75BkNdtDsoQ_11132_11352.mp4
train_0430,train,nice,MS-ASL,data/msasl/nice/Ag5VPvAe8PA_573_691.mp4
train_0431,train,nice,MS-ASL,data/msasl/nice/Eq6SnaimpzQ_6469_6559.mp4
train_0432,train,nice,MS-ASL,data/msasl/nice/IMF7K2ClfQc_5075_5135.mp4
train_0433,train,nice,MS-ASL,data/msasl/nice/IMF7K2ClfQc_5165_5235.mp4
train_0434,train,nice,MS-ASL,data/msasl/nice/LNw3SmRomG8_0_113.mp4
train_0435,train,nice,MS-ASL,data/msasl/nice/LPyvlWpL-xk_3458_3548.mp4
train_0436,train,nice,MS-ASL,data/msasl/nice/LPyvlWpL-xk_3548_3648.mp4
train_0437,train,nice,MS-ASL,data/msasl/nice/NAZKMt2NhtU_2301_2372.mp4
train_0438,train,nice,MS-ASL,data/msasl/nice/NOZSXL8Z_Q4_6205_6294.mp4
train_0439,train,nice,MS-ASL,data/msasl/nice/QTbj2GM5ohs_997_1109.mp4
train_0440,train,nice,MS-ASL,data/msasl/nice/RWYus9H4YrQ_4264_4335.mp4
train_0441,train,nice,MS-ASL,data/msasl/nice/RWYus9H4YrQ_4465_4534.mp4
train_0442,train,nice,MS-ASL,data/msasl/nice/YasOpK1RNvg_1809_1968.mp4
train_0443,train,nice,MS-ASL,data/msasl/nice/b-D-ZF8spMY_0_132.mp4
train_0444,train,nice,MS-ASL,data/msasl/nice/dMZ-SCl7nA4_4436_4504.mp4
train_0445,train,nice,MS-ASL,data/msasl/nice/mC0lNJ6iz-s_33695_33844.mp4
train_0446,train,nice,MS-ASL,data/msasl/nice/nvaS2J5mcEk_7552_7581.mp4
train_0447,train,nice,MS-ASL,data/msasl/nice/oVsuQbfMscM_197_245.mp4
train_0448,train,nice,MS-ASL,data/msasl/nice/oVsuQbfMscM_219_281.mp4
train_0449,train,nice,MS-ASL,data/msasl/nice/owXsDIKq4lk_2535_2568.mp4
train_0450,train,nice,MS-ASL,data/msasl/nice/owXsDIKq4lk_2576_2632.mp4
train_0451,train,nice,MS-ASL,data/msasl/nice/p67ss5Yhjbk_0_74.mp4
train_0452,train,nice,MS-ASL,data/msasl/nice/pt8VPByKR58_0_101.mp4
train_0453,train,nice,MS-ASL,data/msasl/nice/rkQZQhloXuE_1519_1579.mp4
train_0454,train,nice,MS-ASL,data/msasl/nice/rkQZQhloXuE_1609_1669.mp4
train_0455,train,nice,MS-ASL,data/msasl/nice/sErq0TJMKEo_8995_9093.mp4
train_0456,train,nice,MS-ASL,data/msasl/nice/u0XAd3TkGaA_11707_11812.mp4
train_0457,train,nice,MS-ASL,data/msasl/nice/u0XAd3TkGaA_11814_11850.mp4
train_0458,train,nice,MS-ASL,data/msasl/nice/uPKOwziViaw_13211_13308.mp4
train_0459,train,nice,MS-ASL,data/msasl/nice/xO0FZwvScOI_0_108.mp4
train_0460,train,nice,MS-ASL,data/msasl/nice/y3Vd7SZ_bp4_354_405.mp4
train_0461,train,nice,MS-ASL,data/msasl/nice/y3Vd7SZ_bp4_435_475.mp4
train_0462,train,nice,MS-ASL,data/msasl/nice/y3Vd7SZ_bp4_505_605.mp4
train_0463,train,nice,MS-ASL,data/msasl/nice/yYmiLJpJocA_0_86.mp4
train_0464,train,nice,WLASL,data/wlasl/nice/38282.mp4
train_0465,train,nice,WLASL,data/wlasl/nice/38283.mp4
train_0466,train,nice,WLASL,data/wlasl/nice/38284.mp4
train_0467,train,nice,WLASL,data/wlasl/nice/38285.mp4
train_0468,train,nice,WLASL,data/wlasl/nice/38287.mp4
train_0469,train,nice,WLASL,data/wlasl/nice/38293.mp4
train_0470,train,no,MS-ASL,data/msasl/no/-LB4ENHxcIs_1242_1304.mp4
train_0471,train,no,MS-ASL,data/msasl/no/13OPrjZT9lo_5317_5361.mp4
train_0472,train,no,MS-ASL,data/msasl/no/13OPrjZT9lo_5554_5649.mp4
train_0473,train,no,MS-ASL,data/msasl/no/6XcxbPfP5YQ_805_896.mp4
train_0474,train,no,MS-ASL,data/msasl/no/75BkNdtDsoQ_7980_8050.mp4
train_0475,train,no,MS-ASL,data/msasl/no/75BkNdtDsoQ_8050_8210.mp4
train_0476,train,no,MS-ASL,data/msasl/no/DOZJOFHs75s_1142_1190.mp4
train_0477,train,no,MS-ASL,data/msasl/no/DOZJOFHs75s_1192_1267.mp4
train_0478,train,no,MS-ASL,data/msasl/no/Eq6SnaimpzQ_7220_7315.mp4
train_0479,train,no,MS-ASL,data/msasl/no/FNt4N8WFuVY_3916_4023.mp4
train_0480,train,no,MS-ASL,data/msasl/no/Ks26De5YvSg_0_85.mp4
train_0481,train,no,MS-ASL,data/msasl/no/MDQQ9WZNwcc_3709_3800.mp4
train_0482,train,no,MS-ASL,data/msasl/no/TDoqoJDX280_1972_2135.mp4
train_0483,train,no,MS-ASL,data/msasl/no/WxY7E9P46DM_9873_10059.mp4
train_0484,train,no,MS-ASL,data/msasl/no/ckNZidesfIA_3590_3651.mp4
train_0485,train,no,MS-ASL,data/msasl/no/fNg_sJ9f8EI_5410_5529.mp4
train_0486,train,no,MS-ASL,data/msasl/no/iHR2uV-Uxc8_9766_9788.mp4
train_0487,train,no,MS-ASL,data/msasl/no/jmlYtEoHKiY_0_160.mp4
train_0488,train,no,MS-ASL,data/msasl/no/mfrGIHTnKvI_3285_3345.mp4
train_0489,train,no,MS-ASL,data/msasl/no/nvaS2J5mcEk_8031_8090.mp4
train_0490,train,no,MS-ASL,data/msasl/no/nyUDOPmQlZQ_0_104.mp4
train_0491,train,no,MS-ASL,data/msasl/no/pkzfT9cYvH0_0_93.mp4
train_0492,train,no,MS-ASL,data/msasl/no/rTykxVBxc00_0_51.mp4
train_0493,train,no,MS-ASL,data/msasl/no/rWIDL_GpaJc_4039_4223.mp4
train_0494,train,no,MS-ASL,data/msasl/no/rkQZQhloXuE_7877_7947.mp4
train_0495,train,no,MS-ASL,data/msasl/no/rkQZQhloXuE_7951_8039.mp4
train_0496,train,no,MS-ASL,data/msasl/no/rnr_aY0X0dQ_12327_12361.mp4
train_0497,train,no,MS-ASL,data/msasl/no/uPKOwziViaw_13787_13903.mp4
train_0498,train,no,MS-ASL,data/msasl/no/vcrTUbE1NoY_2007_2142.mp4
train_0499,train,no,MS-ASL,data/msasl/no/yDNcxRM9Nf8_120_211.mp4
train_0500,train,no,MS-ASL,data/msasl/no/yDNcxRM9Nf8_211_282.mp4
train_0501,train,no,MS-ASL,data/msasl/no/yDNcxRM9Nf8_282_355.mp4
train_0502,train,no,WLASL,data/wlasl/no/38524.mp4
train_0503,train,no,WLASL,data/wlasl/no/38525.mp4
train_0504,train,no,WLASL,data/wlasl/no/38527.mp4
train_0505,train,no,WLASL,data/wlasl/no/38529.mp4
train_0506,train,no,WLASL,data/wlasl/no/38530.mp4
train_0507,train,no,WLASL,data/wlasl/no/38532.mp4
train_0508,train,no,WLASL,data/wlasl/no/38533.mp4
train_0509,train,no,WLASL,data/wlasl/no/38534.mp4
train_0510,train,no,WLASL,data/wlasl/no/38544.mp4
train_0511,train,no,WLASL,data/wlasl/no/66183.mp4
train_0512,train,no,WLASL,data/wlasl/no/69411.mp4
train_0513,train,please,MS-ASL,data/msasl/please/-LB4ENHxcIs_609_672.mp4
train_0514,train,please,MS-ASL,data/msasl/please/6UrcyZ-QeiU_1622_1682.mp4
train_0515,train,please,MS-ASL,data/msasl/please/6UrcyZ-QeiU_1682_1762.mp4
train_0516,train,please,MS-ASL,data/msasl/please/6XcxbPfP5YQ_347_468.mp4
train_0517,train,please,MS-ASL,data/msasl/please/Doxjf4SCY4k_0_91.mp4
train_0518,train,please,MS-ASL,data/msasl/please/EKHye1RrCy0_0_111.mp4
train_0519,train,please,MS-ASL,data/msasl/please/Eq6SnaimpzQ_7575_7654.mp4
train_0520,train,please,MS-ASL,data/msasl/please/FKp2hBhdj9k_2056_2130.mp4
train_0521,train,please,MS-ASL,data/msasl/please/Fz1I_Ssr3AE_8801_8956.mp4
train_0522,train,please,MS-ASL,data/msasl/please/Fz1I_Ssr3AE_8958_9036.mp4
train_0523,train,please,MS-ASL,data/msasl/please/MDQQ9WZNwcc_3878_3979.mp4
train_0524,train,please,MS-ASL,data/msasl/please/Q6CfqYwp1ag_204_330.mp4
train_0525,train,please,MS-ASL,data/msasl/please/Q6CfqYwp1ag_330_400.mp4
train_0526,train,please,MS-ASL,data/msasl/please/Q6CfqYwp1ag_60_204.mp4
train_0527,train,please,MS-ASL,data/msasl/please/TDoqoJDX280_2154_2203.mp4
train_0528,train,please,MS-ASL,data/msasl/please/TDoqoJDX280_2207_2331.mp4
train_0529,train,please,MS-ASL,data/msasl/please/UoITyyziLOw_6348_6429.mp4
train_0530,train,please,MS-ASL,data/msasl/please/XtkDeYBnR8o_1358_1428.mp4
train_0531,train,please,MS-ASL,data/msasl/please/XtkDeYBnR8o_1448_1508.mp4
train_0532,train,please,MS-ASL,data/msasl/please/_rviR_jhCmg_0_69.mp4
train_0533,train,please,MS-ASL,data/msasl/please/hjS0dQDgbjo_4390_4505.mp4
train_0534,train,please,MS-ASL,data/msasl/please/nvaS2J5mcEk_8451_8540.mp4
train_0535,train,please,MS-ASL,data/msasl/please/p36hZJQpLoQ_3815_3959.mp4
train_0536,train,please,MS-ASL,data/msasl/please/p8OYydc3WQM_7710_7824.mp4
train_0537,train,please,MS-ASL,data/msasl/please/rkQZQhloXuE_6796_6876.mp4
train_0538,train,please,MS-ASL,data/msasl/please/rkQZQhloXuE_6896_6976.mp4
train_0539,train,please,MS-ASL,data/msasl/please/yG09SQB0Hds_2280_2309.mp4
train_0540,train,please,WLASL,data/wlasl/please/43217.mp4
train_0541,train,please,WLASL,data/wlasl/please/43218.mp4
train_0542,train,please,WLASL,data/wlasl/please/43219.mp4
train_0543,train,please,WLASL,data/wlasl/please/43220.mp4
train_0544,train,please,WLASL,data/wlasl/please/43222.mp4
train_0545,train,please,WLASL,data/wlasl/please/43226.mp4
train_0546,train,please,WLASL,data/wlasl/please/69434.mp4
train_0547,train,sad,MS-ASL,data/msasl/sad/CSj7IScvZnE_1844_1990.mp4
train_0548,train,sad,MS-ASL,data/msasl/sad/Eq6SnaimpzQ_7827_7919.mp4
train_0549,train,sad,MS-ASL,data/msasl/sad/QTbj2GM5ohs_875_968.mp4
train_0550,train,sad,MS-ASL,data/msasl/sad/QXdRPyfDsUY_0_58.mp4
train_0551,train,sad,MS-ASL,data/msasl/sad/RISfMnVFUZw_200_320.mp4
train_0552,train,sad,MS-ASL,data/msasl/sad/RISfMnVFUZw_50_200.mp4
train_0553,train,sad,MS-ASL,data/msasl/sad/SC9lyDxbwUE_1620_1739.mp4
train_0554,train,sad,MS-ASL,data/msasl/sad/WEY9d0d9xew_0_92.mp4
train_0555,train,sad,MS-ASL,data/msasl/sad/c2W6TVd_xh4_2918_3014.mp4
train_0556,train,sad,MS-ASL,data/msasl/sad/c2W6TVd_xh4_3018_3072.mp4
train_0557,train,sad,MS-ASL,data/msasl/sad/dMZ-SCl7nA4_3797_3951.mp4
train_0558,train,sad,MS-ASL,data/msasl/sad/fKjsdtMU3fc_2655_2834.mp4
train_0559,train,sad,MS-ASL,data/msasl/sad/fnhiGz4qE_I_1052_1101.mp4
train_0560,train,sad,MS-ASL,data/msasl/sad/fnhiGz4qE_I_982_1043.mp4
train_0561,train,sad,MS-ASL,data/msasl/sad/h3dTbP7mL_U_0_146.mp4
train_0562,train,sad,MS-ASL,data/msasl/sad/hizaqTk4pPo_0_63.mp4
train_0563,train,sad,MS-ASL,data/msasl/sad/htsdwxJ-fTo_2374_2432.mp4
train_0564,train,sad,MS-ASL,data/msasl/sad/jQb9NL9_S6U_4797_4907.mp4
train_0565,train,sad,MS-ASL,data/msasl/sad/jQb9NL9_S6U_4972_5010.mp4
train_0566,train,sad,MS-ASL,data/msasl/sad/nvaS2J5mcEk_8751_8805.mp4
train_0567,train,sad,MS-ASL,data/msasl/sad/rkQZQhloXuE_8960_9030.mp4
train_0568,train,sad,MS-ASL,data/msasl/sad/rkQZQhloXuE_9040_9110.mp4
train_0569,train,sad,MS-ASL,data/msasl/sad/zfkQYQhrZ6Q_0_80.mp4
train_0570,train,sad,WLASL,data/wlasl/sad/48971.mp4
train_0571,train,sad,WLASL,data/wlasl/sad/48972.mp4
train_0572,train,sad,WLASL,data/wlasl/sad/48973.mp4
train_0573,train,sad,WLASL,data/wlasl/sad/48974.mp4
train_0574,train,sad,WLASL,data/wlasl/sad/48976.mp4
train_0575,train,sad,WLASL,data/wlasl/sad/48978.mp4
train_0576,train,sad,WLASL,data/wlasl/sad/48983.mp4
train_0577,train,sad,WLASL,data/wlasl/sad/69450.mp4
train_0578,train,school,MS-ASL,data/msasl/school/-A4DGiMwiu8_206_331.mp4
train_0579,train,school,MS-ASL,data/msasl/school/-A4DGiMwiu8_38_136.mp4
train_0580,train,school,MS-ASL,data/msasl/school/0NBoO3rpd7g_0_44.mp4
train_0581,train,school,MS-ASL,data/msasl/school/9jjWGDFqmQc_0_67.mp4
train_0582,train,school,MS-ASL,data/msasl/school/Ag5VPvAe8PA_2640_2758.mp4
train_0583,train,school,MS-ASL,data/msasl/school/AkGYEiN8vOY_2678_2782.mp4
train_0584,train,school,MS-ASL,data/msasl/school/Eq6SnaimpzQ_8180_8249.mp4
train_0585,train,school,MS-ASL,data/msasl/school/GLBRC1sVygY_1985_2092.mp4
train_0586,train,school,MS-ASL,data/msasl/school/IrdTDCpIunA_5300_5400.mp4
train_0587,train,school,MS-ASL,data/msasl/school/JHFExZgYdwk_3808_3906.mp4
train_0588,train,school,MS-ASL,data/msasl/school/K4lo0NZDlH8_6573_6667.mp4
train_0589,train,school,MS-ASL,data/msasl/school/P3tBJESDamE_5756_5930.mp4
train_0590,train,school,MS-ASL,data/msasl/school/PsLiyUyrqds_20_80.mp4
train_0591,train,school,MS-ASL,data/msasl/school/PsLiyUyrqds_90_140.mp4
train_0592,train,school,MS-ASL,data/msasl/school/R_ES8RZua1g_12618_12728.mp4
train_0593,train,school,MS-ASL,data/msasl/school/SiTBL7DYzZQ_1242_1354.mp4
train_0594,train,school,MS-ASL,data/msasl/school/TDoqoJDX280_2585_2735.mp4
train_0595,train,school,MS-ASL,data/msasl/school/Tg0ltpSAQrk_12217_12305.mp4
train_0596,train,school,MS-ASL,data/msasl/school/UoITyyziLOw_3227_3315.mp4
train_0597,train,school,MS-ASL,data/msasl/school/VSj7grt16uM_0_62.mp4
train_0598,train,school,MS-ASL,data/msasl/school/Xt6F1wT394I_4281_4315.mp4
train_0599,train,school,MS-ASL,data/msasl/school/Y4Jj9NexFFE_0_107.mp4
train_0600,train,school,MS-ASL,data/msasl/school/aT_jEMDmIHs_0_59.mp4
train_0601,train,school,MS-ASL,data/msasl/school/g5VCwKZib-M_22237_22395.mp4
train_0602,train,school,MS-ASL,data/msasl/school/hjS0dQDgbjo_1276_1410.mp4
train_0603,train,school,MS-ASL,data/msasl/school/j8a5Z-5lUwo_323_374.mp4
train_0604,train,school,MS-ASL,data/msasl/school/mC0lNJ6iz-s_16746_16895.mp4
train_0605,train,school,MS-ASL,data/msasl/school/mC0lNJ6iz-s_5268_5417.mp4
train_0606,train,school,MS-ASL,data/msasl/school/nvaS2J5mcEk_9098_9139.mp4
train_0607,train,school,MS-ASL,data/msasl/school/rkQZQhloXuE_1939_2009.mp4
train_0608,train,school,MS-ASL,data/msasl/school/rkQZQhloXuE_2029_2089.mp4
train_0609,train,school,MS-ASL,data/msasl/school/uPKOwziViaw_14936_15112.mp4
train_0610,train,school,MS-ASL,data/msasl/school/vcrTUbE1NoY_1473_1543.mp4
train_0611,train,school,MS-ASL,data/msasl/school/vuE3RN10AGA_0_81.mp4
train_0612,train,school,WLASL,data/wlasl/school/49595.mp4
train_0613,train,school,WLASL,data/wlasl/school/49596.mp4
train_0614,train,school,WLASL,data/wlasl/school/49597.mp4
train_0615,train,school,WLASL,data/wlasl/school/49598.mp4
train_0616,train,school,WLASL,data/wlasl/school/49599.mp4
train_0617,train,school,WLASL,data/wlasl/school/49600.mp4
train_0618,train,school,WLASL,data/wlasl/school/49602.mp4
train_0619,train,school,WLASL,data/wlasl/school/49606.mp4
train_0620,train,school,WLASL,data/wlasl/school/69455.mp4
train_0621,train,teacher,MS-ASL,data/msasl/teacher/-DZaI_yoNac_0_92.mp4
train_0622,train,teacher,MS-ASL,data/msasl/teacher/-LB4ENHxcIs_2422_2488.mp4
train_0623,train,teacher,MS-ASL,data/msasl/teacher/25ymRY7hbjs_2647_2784.mp4
train_0624,train,teacher,MS-ASL,data/msasl/teacher/4AwP2ED0O78_4299_4435.mp4
train_0625,train,teacher,MS-ASL,data/msasl/teacher/9JAG32jKZms_0_55.mp4
train_0626,train,teacher,MS-ASL,data/msasl/teacher/AkGYEiN8vOY_813_913.mp4
train_0627,train,teacher,MS-ASL,data/msasl/teacher/AkGYEiN8vOY_933_985.mp4
train_0628,train,teacher,MS-ASL,data/msasl/teacher/CrUCwJklAUA_0_83.mp4
train_0629,train,teacher,MS-ASL,data/msasl/teacher/DOZJOFHs75s_2874_2982.mp4
train_0630,train,teacher,MS-ASL,data/msasl/teacher/FNt4N8WFuVY_217_400.mp4
train_0631,train,teacher,MS-ASL,data/msasl/teacher/HYK7P7Cm_aY_15_65.mp4
train_0632,train,teacher,MS-ASL,data/msasl/teacher/HYK7P7Cm_aY_182_232.mp4
train_0633,train,teacher,MS-ASL,data/msasl/teacher/HYK7P7Cm_aY_75_182.mp4
train_0634,train,teacher,MS-ASL,data/msasl/teacher/JHFExZgYdwk_1103_1302.mp4
train_0635,train,teacher,MS-ASL,data/msasl/teacher/K4lo0NZDlH8_4803_4869.mp4
train_0636,train,teacher,MS-ASL,data/msasl/teacher/NOZSXL8Z_Q4_3173_3262.mp4
train_0637,train,teacher,MS-ASL,data/msasl/teacher/Ni6Uixw5Qmo_1276_1382.mp4
train_0638,train,teacher,MS-ASL,data/msasl/teacher/P3tBJESDamE_818_918.mp4
train_0639,train,teacher,MS-ASL,data/msasl/teacher/P3tBJESDamE_918_968.mp4
train_0640,train,teacher,MS-ASL,data/msasl/teacher/R_ES8RZua1g_2308_2406.mp4
train_0641,train,teacher,MS-ASL,data/msasl/teacher/TYEae1fcehg_5879_6043.mp4
train_0642,train,teacher,MS-ASL,data/msasl/teacher/UKGBW9-wo4k_2339_2398.mp4
train_0643,train,teacher,MS-ASL,data/msasl/teacher/UoITyyziLOw_3527_3608.mp4
train_0644,train,teacher,MS-ASL,data/msasl/teacher/_HOx2QkkTsg_419_464.mp4
train_0645,train,teacher,MS-ASL,data/msasl/teacher/_HOx2QkkTsg_464_510.mp4
train_0646,train,teacher,MS-ASL,data/msasl/teacher/_NqL43yWhUk_0_87.mp4
train_0647,train,teacher,MS-ASL,data/msasl/teacher/cqyB9f32GuI_0_137.mp4
train_0648,train,teacher,MS-ASL,data/msasl/teacher/f7COHRpmVKA_434_583.mp4
train_0649,train,teacher,MS-ASL,data/msasl/teacher/hJZhwVjk-eo_0_105.mp4
train_0650,train,teacher,MS-ASL,data/msasl/teacher/mfrGIHTnKvI_2754_2816.mp4
train_0651,train,teacher,MS-ASL,data/msasl/teacher/my4mxg6lXYQ_12626_12703.mp4
train_0652,train,teacher,MS-ASL,data/msasl/teacher/nBvBJ91I5ZI_412_466.mp4
train_0653,train,teacher,MS-ASL,data/msasl/teacher/nBvBJ91I5ZI_485_531.mp4
train_0654,train,teacher,MS-ASL,data/msasl/teacher/p8OYydc3WQM_2068_2183.mp4
train_0655,train,teacher,MS-ASL,data/msasl/teacher/vcrTUbE1NoY_1029_1113.mp4
train_0656,train,teacher,MS-ASL,data/msasl/teacher/wm-dxopEZT8_0_104.mp4
train_0657,train,teacher,MS-ASL,data/msasl/teacher/xu9VvX1Vbck_0_112.mp4
train_0658,train,teacher,WLASL,data/wlasl/teacher/57039.mp4
train_0659,train,teacher,WLASL,data/wlasl/teacher/57040.mp4
train_0660,train,teacher,WLASL,data/wlasl/teacher/57041.mp4
train_0661,train,teacher,WLASL,data/wlasl/teacher/57042.mp4
train_0662,train,teacher,WLASL,data/wlasl/teacher/57044.mp4
train_0663,train,teacher,WLASL,data/wlasl/teacher/57045.mp4
train_0664,train,teacher,WLASL,data/wlasl/teacher/57051.mp4
train_0665,train,teacher,WLASL,data/wlasl/teacher/66593.mp4
train_0666,train,tired,MS-ASL,data/msasl/tired/1RRUK21Xyzw_0_93.mp4
train_0667,train,tired,MS-ASL,data/msasl/tired/2nXrJ_7NOgE_975_1105.mp4
train_0668,train,tired,MS-ASL,data/msasl/tired/5S3qaGLdPmE_1211_1330.mp4
train_0669,train,tired,MS-ASL,data/msasl/tired/Ayr1bGZ6GPw_0_73.mp4
train_0670,train,tired,MS-ASL,data/msasl/tired/CSj7IScvZnE_3456_3586.mp4
train_0671,train,tired,MS-ASL,data/msasl/tired/Cv5avR9nEhg_1768_1848.mp4
train_0672,train,tired,MS-ASL,data/msasl/tired/Cv5avR9nEhg_1868_1948.mp4
train_0673,train,tired,MS-ASL,data/msasl/tired/Eq6SnaimpzQ_9236_9339.mp4
train_0674,train,tired,MS-ASL,data/msasl/tired/FNt4N8WFuVY_19701_19846.mp4
train_0675,train,tired,MS-ASL,data/msasl/tired/KRrKqGEGdMg_15185_15334.mp4
train_0676,train,tired,MS-ASL,data/msasl/tired/LPyvlWpL-xk_7257_7452.mp4
train_0677,train,tired,MS-ASL,data/msasl/tired/Nf_0FxqOIWM_20765_20955.mp4
train_0678,train,tired,MS-ASL,data/msasl/tired/TBSr8a78eiQ_0_63.mp4
train_0679,train,tired,MS-ASL,data/msasl/tired/TBSr8a78eiQ_83_153.mp4
train_0680,train,tired,MS-ASL,data/msasl/tired/XG_v5S_KDS4_0_86.mp4
train_0681,train,tired,MS-ASL,data/msasl/tired/YS5PgjNNxME_0_76.mp4
train_0682,train,tired,MS-ASL,data/msasl/tired/ZG4u7LDCN8A_2328_2462.mp4
train_0683,train,tired,MS-ASL,data/msasl/tired/ZHUVt5W8UEk_6714_6775.mp4
train_0684,train,tired,MS-ASL,data/msasl/tired/_ZlZH4b0C44_917_946.mp4
train_0685,train,tired,MS-ASL,data/msasl/tired/dMZ-SCl7nA4_5527_5599.mp4
train_0686,train,tired,MS-ASL,data/msasl/tired/eMZdggjnLQA_1316_1434.mp4
train_0687,train,tired,MS-ASL,data/msasl/tired/f7COHRpmVKA_9333_9482.mp4
train_0688,train,tired,MS-ASL,data/msasl/tired/htsdwxJ-fTo_2695_2763.mp4
train_0689,train,tired,MS-ASL,data/msasl/tired/iHR2uV-Uxc8_5032_5082.mp4
train_0690,train,tired,MS-ASL,data/msasl/tired/iZ6EeQqzZl0_0_95.mp4
train_0691,train,tired,MS-ASL,data/msasl/tired/k-AZCZlPECE_274_416.mp4
train_0692,train,tired,MS-ASL,data/msasl/tired/k-AZCZlPECE_444_523.mp4
train_0693,train,tired,MS-ASL,data/msasl/tired/nvaS2J5mcEk_10459_10518.mp4
train_0694,train,tired,MS-ASL,data/msasl/tired/q_p38s5JsXo_3495_3551.mp4
train_0695,train,tired,MS-ASL,data/msasl/tired/q_p38s5JsXo_3556_3594.mp4
train_0696,train,tired,MS-ASL,data/msasl/tired/sEjaTTIdHhk_3500_3619.mp4
train_0697,train,tired,MS-ASL,data/msasl/tired/uPKOwziViaw_16869_16978.mp4
train_0698,train,tired,WLASL,data/wlasl/tired/58589.mp4
train_0699,train,tired,WLASL,data/wlasl/tired/58590.mp4
train_0700,train,tired,WLASL,data/wlasl/tired/58591.mp4
train_0701,train,tired,WLASL,data/wlasl/tired/58592.mp4
train_0702,train,tired,WLASL,data/wlasl/tired/58593.mp4
train_0703,train,tired,WLASL,data/wlasl/tired/58594.mp4
train_0704,train,tired,WLASL,data/wlasl/tired/58600.mp4
train_0705,train,want,MS-ASL,data/msasl/want/38kOjIIo8yQ_0_105.mp4
train_0706,train,want,MS-ASL,data/msasl/want/6YIy2EVFKaA_200_318.mp4
train_0707,train,want,MS-ASL,data/msasl/want/6YIy2EVFKaA_50_160.mp4
train_0708,train,want,MS-ASL,data/msasl/want/9RvIkK-t0SA_1361_1471.mp4
train_0709,train,want,MS-ASL,data/msasl/want/CSj7IScvZnE_6475_6592.mp4
train_0710,train,want,MS-ASL,data/msasl/want/Eq6SnaimpzQ_9884_9955.mp4
train_0711,train,want,MS-ASL,data/msasl/want/MDQQ9WZNwcc_8224_8329.mp4
train_0712,train,want,MS-ASL,data/msasl/want/Nljp2DTENlg_0_118.mp4
train_0713,train,want,MS-ASL,data/msasl/want/R_ES8RZua1g_6784_6855.mp4
train_0714,train,want,MS-ASL,data/msasl/want/TwkGS9TjUX8_11581_11746.mp4
train_0715,train,want,MS-ASL,data/msasl/want/TwkGS9TjUX8_7467_7646.mp4
train_0716,train,want,MS-ASL,data/msasl/want/UoITyyziLOw_5827_5887.mp4
train_0717,train,want,MS-ASL,data/msasl/want/VnsXJs29sXQ_0_69.mp4
train_0718,train,want,MS-ASL,data/msasl/want/XtkDeYBnR8o_3172_3232.mp4
train_0719,train,want,MS-ASL,data/msasl/want/XtkDeYBnR8o_3262_3322.mp4
train_0720,train,want,MS-ASL,data/msasl/want/YasOpK1RNvg_2188_2343.mp4
train_0721,train,want,MS-ASL,data/msasl/want/dyGbyWOdt3U_0_53.mp4
train_0722,train,want,MS-ASL,data/msasl/want/eMZdggjnLQA_2512_2630.mp4
train_0723,train,want,MS-ASL,data/msasl/want/htsdwxJ-fTo_1758_1823.mp4
train_0724,train,want,MS-ASL,data/msasl/want/irXMaltf9aw_0_146.mp4
train_0725,train,want,MS-ASL,data/msasl/want/jQb9NL9_S6U_9594_9751.mp4
train_0726,train,want,MS-ASL,data/msasl/want/k0T-yY_HrEQ_586_646.mp4
train_0727,train,want,MS-ASL,data/msasl/want/k0T-yY_HrEQ_646_746.mp4
train_0728,train,want,MS-ASL,data/msasl/want/k0T-yY_HrEQ_746_806.mp4
train_0729,train,want,MS-ASL,data/msasl/want/k0T-yY_HrEQ_806_896.mp4
train_0730,train,want,MS-ASL,data/msasl/want/k0T-yY_HrEQ_896_986.mp4
train_0731,train,want,MS-ASL,data/msasl/want/k0T-yY_HrEQ_986_1076.mp4
train_0732,train,want,MS-ASL,data/msasl/want/lElR-sVcYyw_7312_7460.mp4
train_0733,train,want,MS-ASL,data/msasl/want/nvaS2J5mcEk_11106_11165.mp4
train_0734,train,want,MS-ASL,data/msasl/want/rWIDL_GpaJc_7595_7658.mp4
train_0735,train,want,MS-ASL,data/msasl/want/rWIDL_GpaJc_7614_7681.mp4
train_0736,train,want,MS-ASL,data/msasl/want/rWIDL_GpaJc_7687_7739.mp4
train_0737,train,want,MS-ASL,data/msasl/want/rkQZQhloXuE_587_647.mp4
train_0738,train,want,MS-ASL,data/msasl/want/rkQZQhloXuE_677_737.mp4
train_0739,train,want,MS-ASL,data/msasl/want/uPKOwziViaw_17714_17845.mp4
train_0740,train,want,MS-ASL,data/msasl/want/uPKOwziViaw_17847_17910.mp4
train_0741,train,want,WLASL,data/wlasl/want/62244.mp4
train_0742,train,want,WLASL,data/wlasl/want/62245.mp4
train_0743,train,want,WLASL,data/wlasl/want/62246.mp4
train_0744,train,want,WLASL,data/wlasl/want/62247.mp4
train_0745,train,want,WLASL,data/wlasl/want/62248.mp4
train_0746,train,want,WLASL,data/wlasl/want/62250.mp4
train_0747,train,want,WLASL,data/wlasl/want/62251.mp4
train_0748,train,want,WLASL,data/wlasl/want/62259.mp4
train_0749,train,want,WLASL,data/wlasl/want/69524.mp4
train_0750,train,yes,MS-ASL,data/msasl/yes/-LB4ENHxcIs_1138_1205.mp4
train_0751,train,yes,MS-ASL,data/msasl/yes/0usayvOXzHo_0_59.mp4
train_0752,train,yes,MS-ASL,data/msasl/yes/3J2KaRL9i_Q_0_59.mp4
train_0753,train,yes,MS-ASL,data/msasl/yes/75BkNdtDsoQ_7718_7888.mp4
train_0754,train,yes,MS-ASL,data/msasl/yes/DOZJOFHs75s_1030_1070.mp4
train_0755,train,yes,MS-ASL,data/msasl/yes/DOZJOFHs75s_1072_1110.mp4
train_0756,train,yes,MS-ASL,data/msasl/yes/DOZJOFHs75s_974_1025.mp4
train_0757,train,yes,MS-ASL,data/msasl/yes/E0nkn4JtHgU_240_360.mp4
train_0758,train,yes,MS-ASL,data/msasl/yes/E0nkn4JtHgU_70_240.mp4
train_0759,train,yes,MS-ASL,data/msasl/yes/Eq6SnaimpzQ_10191_10270.mp4
train_0760,train,yes,MS-ASL,data/msasl/yes/FNt4N8WFuVY_3754_3849.mp4
train_0761,train,yes,MS-ASL,data/msasl/yes/JLNxO35tB-U_0_46.mp4
train_0762,train,yes,MS-ASL,data/msasl/yes/MDQQ9WZNwcc_3566_3657.mp4
train_0763,train,yes,MS-ASL,data/msasl/yes/TDoqoJDX280_3716_3906.mp4
train_0764,train,yes,MS-ASL,data/msasl/yes/V9nSkd0Oib4_0_62.mp4
train_0765,train,yes,MS-ASL,data/msasl/yes/WxY7E9P46DM_9677_9856.mp4
train_0766,train,yes,MS-ASL,data/msasl/yes/_uxgyigXU3g_0_54.mp4
train_0767,train,yes,MS-ASL,data/msasl/yes/eMZdggjnLQA_3589_3707.mp4
train_0768,train,yes,MS-ASL,data/msasl/yes/gpNDuOwyW7Q_0_119.mp4
train_0769,train,yes,MS-ASL,data/msasl/yes/iHR2uV-Uxc8_9511_9617.mp4
train_0770,train,yes,MS-ASL,data/msasl/yes/mfrGIHTnKvI_3230_3283.mp4
train_0771,train,yes,MS-ASL,data/msasl/yes/nvaS2J5mcEk_11448_11532.mp4
train_0772,train,yes,MS-ASL,data/msasl/yes/owXsDIKq4lk_4879_4999.mp4
train_0773,train,yes,MS-ASL,data/msasl/yes/p8OYydc3WQM_2432_2558.mp4
train_0774,train,yes,MS-ASL,data/msasl/yes/q_p38s5JsXo_1053_1073.mp4
train_0775,train,yes,MS-ASL,data/msasl/yes/q_p38s5JsXo_975_1041.mp4
train_0776,train,yes,MS-ASL,data/msasl/yes/rWIDL_GpaJc_3881_4037.mp4
train_0777,train,yes,MS-ASL,data/msasl/yes/rkQZQhloXuE_7707_7777.mp4
train_0778,train,yes,MS-ASL,data/msasl/yes/rkQZQhloXuE_7787_7857.mp4
train_0779,train,yes,MS-ASL,data/msasl/yes/uPKOwziViaw_18226_18271.mp4
train_0780,train,yes,MS-ASL,data/msasl/yes/yG09SQB0Hds_2210_2249.mp4
train_0781,train,yes,MS-ASL,data/msasl/yes/yq5jgmkYOBo_0_62.mp4
train_0782,train,yes,MS-ASL,data/msasl/yes/zGwP9fAhpl4_0_140.mp4
train_0783,train,yes,WLASL,data/wlasl/yes/64280.mp4
train_0784,train,yes,WLASL,data/wlasl/yes/64281.mp4
train_0785,train,yes,WLASL,data/wlasl/yes/64283.mp4
train_0786,train,yes,WLASL,data/wlasl/yes/64284.mp4
train_0787,train,yes,WLASL,data/wlasl/yes/64287.mp4
train_0788,train,yes,WLASL,data/wlasl/yes/64288.mp4
train_0789,train,yes,WLASL,data/wlasl/yes/64291.mp4
train_0790,train,yes,WLASL,data/wlasl/yes/64292.mp4
train_0791,train,yes,WLASL,data/wlasl/yes/64293.mp4
train_0792,train,yes,WLASL,data/wlasl/yes/64300.mp4
train_0793,train,yes,WLASL,data/wlasl/yes/66820.mp4
train_0794,train,yes,WLASL,data/wlasl/yes/69546.mp4
val_0001,val,deaf,MS-ASL,data/msasl/deaf/0bIF7jh6lnE_373_421.mp4
val_0002,val,deaf,MS-ASL,data/msasl/deaf/0bIF7jh6lnE_409_496.mp4
val_0003,val,deaf,MS-ASL,data/msasl/deaf/BEKUHzwnVO8_11833_11903.mp4
val_0004,val,deaf,MS-ASL,data/msasl/deaf/BEKUHzwnVO8_11923_11993.mp4
val_0005,val,deaf,MS-ASL,data/msasl/deaf/HBQaI1ZG-LU_873_981.mp4
val_0006,val,deaf,MS-ASL,data/msasl/deaf/HBQaI1ZG-LU_988_1111.mp4
val_0007,val,deaf,MS-ASL,data/msasl/deaf/KGcYDLCx3bE_0_71.mp4
val_0008,val,deaf,MS-ASL,data/msasl/deaf/Qvn5RGyb0po_0_107.mp4
val_0009,val,deaf,MS-ASL,data/msasl/deaf/kZuJalsv_z0_979_1077.mp4
val_0010,val,deaf,MS-ASL,data/msasl/deaf/kwCfdkhc37c_1128_1176.mp4
val_0011,val,eat,MS-ASL,data/msasl/eat/FBimL8-ND3E_6276_6336.mp4
val_0012,val,eat,MS-ASL,data/msasl/eat/FBimL8-ND3E_6506_6556.mp4
val_0013,val,eat,MS-ASL,data/msasl/eat/Qwdfx2_vzwc_321_403.mp4
val_0014,val,eat,MS-ASL,data/msasl/eat/SJAhRxI7i9c_1488_1598.mp4
val_0015,val,eat,MS-ASL,data/msasl/eat/eBkzZg-9hd4_1377_1420.mp4
val_0016,val,eat,MS-ASL,data/msasl/eat/lsjFBdE3X7M_0_77.mp4
val_0017,val,father,MS-ASL,data/msasl/father/7m6N78E-5uE_6306_6421.mp4
val_0018,val,father,MS-ASL,data/msasl/father/7m6N78E-5uE_6454_6611.mp4
val_0019,val,father,MS-ASL,data/msasl/father/BEKUHzwnVO8_7775_7907.mp4
val_0020,val,father,MS-ASL,data/msasl/father/GOczM9jk2xY_2706_2795.mp4
val_0021,val,father,MS-ASL,data/msasl/father/HUMEcnkvhJU_8745_8789.mp4
val_0022,val,father,MS-ASL,data/msasl/father/HUMEcnkvhJU_8805_8835.mp4
val_0023,val,father,MS-ASL,data/msasl/father/dtSmDTn3zkk_1663_1732.mp4
val_0024,val,father,MS-ASL,data/msasl/father/dtSmDTn3zkk_1752_1824.mp4
val_0025,val,father,MS-ASL,data/msasl/father/uE3IDWh0xnA_214_257.mp4
val_0026,val,father,MS-ASL,data/msasl/father/ucXplZLMUzY_1221_1304.mp4
val_0027,val,finish,MS-ASL,data/msasl/finish/1bj72qXSy8c_7489_7567.mp4
val_0028,val,finish,MS-ASL,data/msasl/finish/1v-MqrbC5Js_2180_2234.mp4
val_0029,val,finish,MS-ASL,data/msasl/finish/2fxtI59FmNs_6712_6762.mp4
val_0030,val,finish,MS-ASL,data/msasl/finish/2sGQuduhAf4_6721_6843.mp4
val_0031,val,finish,MS-ASL,data/msasl/finish/HBQaI1ZG-LU_4259_4291.mp4
val_0032,val,finish,MS-ASL,data/msasl/finish/HUMEcnkvhJU_10047_10103.mp4
val_0033,val,finish,MS-ASL,data/msasl/finish/HUMEcnkvhJU_10122_10193.mp4
val_0034,val,finish,MS-ASL,data/msasl/finish/WOoFI9xmBNo_1858_1891.mp4
val_0035,val,finish,MS-ASL,data/msasl/finish/bX1eJjB3nyA_5287_5376.mp4
val_0036,val,finish,MS-ASL,data/msasl/finish/dtSmDTn3zkk_22145_22294.mp4
val_0037,val,finish,MS-ASL,data/msasl/finish/qzjVxb4dACY_620_691.mp4
val_0038,val,good,MS-ASL,data/msasl/good/1r5V8ZGwnJg_79_105.mp4
val_0039,val,good,MS-ASL,data/msasl/good/91foGHKuwL0_1689_1729.mp4
val_0040,val,good,MS-ASL,data/msasl/good/91foGHKuwL0_1749_1829.mp4
val_0041,val,good,MS-ASL,data/msasl/good/9mxvzW7doks_0_40.mp4
val_0042,val,good,MS-ASL,data/msasl/good/FRQbKDZeRzM_9106_9141.mp4
val_0043,val,good,MS-ASL,data/msasl/good/FRQbKDZeRzM_9119_9185.mp4
val_0044,val,good,MS-ASL,data/msasl/good/FRQbKDZeRzM_9165_9221.mp4
val_0045,val,good,MS-ASL,data/msasl/good/FRQbKDZeRzM_9233_9268.mp4
val_0046,val,good,MS-ASL,data/msasl/good/FRQbKDZeRzM_9291_9348.mp4
val_0047,val,good,MS-ASL,data/msasl/good/HUMEcnkvhJU_12100_12131.mp4
val_0048,val,good,MS-ASL,data/msasl/good/HUMEcnkvhJU_12149_12184.mp4
val_0049,val,good,MS-ASL,data/msasl/good/SJAhRxI7i9c_1917_2023.mp4
val_0050,val,good,MS-ASL,data/msasl/good/bX1eJjB3nyA_6731_6759.mp4
val_0051,val,good,MS-ASL,data/msasl/good/rIlQQTN2b58_3029_3106.mp4
val_0052,val,happy,MS-ASL,data/msasl/happy/7b4vSYwKgok_375_413.mp4
val_0053,val,happy,MS-ASL,data/msasl/happy/7bWO4SJ0sv4_0_43.mp4
val_0054,val,happy,MS-ASL,data/msasl/happy/91foGHKuwL0_2246_2301.mp4
val_0055,val,happy,MS-ASL,data/msasl/happy/91foGHKuwL0_2432_2473.mp4
val_0056,val,happy,MS-ASL,data/msasl/happy/CxTSVyM-ij0_3318_3378.mp4
val_0057,val,happy,MS-ASL,data/msasl/happy/CxTSVyM-ij0_3468_3538.mp4
val_0058,val,happy,MS-ASL,data/msasl/happy/CxTSVyM-ij0_3558_3608.mp4
val_0059,val,happy,MS-ASL,data/msasl/happy/CxTSVyM-ij0_3628_3670.mp4
val_0060,val,happy,MS-ASL,data/msasl/happy/HBQaI1ZG-LU_1225_1294.mp4
val_0061,val,happy,MS-ASL,data/msasl/happy/HUMEcnkvhJU_12483_12517.mp4
val_0062,val,happy,MS-ASL,data/msasl/happy/HUMEcnkvhJU_12565_12607.mp4
val_0063,val,happy,MS-ASL,data/msasl/happy/N4n5CDpyX3w_7632_7734.mp4
val_0064,val,happy,MS-ASL,data/msasl/happy/N4n5CDpyX3w_7747_7849.mp4
val_0065,val,happy,MS-ASL,data/msasl/happy/ZgUBU0NNEDU_8073_8153.mp4
val_0066,val,happy,MS-ASL,data/msasl/happy/bFm9sAXhmkQ_393_513.mp4
val_0067,val,happy,MS-ASL,data/msasl/happy/bX1eJjB3nyA_6094_6122.mp4
val_0068,val,happy,MS-ASL,data/msasl/happy/gzqjLnXje8g_5012_5098.mp4
val_0069,val,happy,MS-ASL,data/msasl/happy/kZuJalsv_z0_1375_1517.mp4
val_0070,val,happy,MS-ASL,data/msasl/happy/qysriDtUS5o_432_456.mp4
val_0071,val,happy,MS-ASL,data/msasl/happy/rIlQQTN2b58_4203_4291.mp4
val_0072,val,hello,MS-ASL,data/msasl/hello/2TQMVwOkHWw_282_301.mp4
val_0073,val,hello,MS-ASL,data/msasl/hello/2qLS_mXdrh8_105_144.mp4
val_0074,val,hello,MS-ASL,data/msasl/hello/4bVux9Ni2_0_98_128.mp4
val_0075,val,hello,MS-ASL,data/msasl/hello/BEKUHzwnVO8_12647_12830.mp4
val_0076,val,hello,MS-ASL,data/msasl/hello/FBimL8-ND3E_101_161.mp4
val_0077,val,hello,MS-ASL,data/msasl/hello/FBimL8-ND3E_11_51.mp4
val_0078,val,hello,MS-ASL,data/msasl/hello/H3eHAKpTF70_106_136.mp4
val_0079,val,hello,MS-ASL,data/msasl/hello/HBQaI1ZG-LU_1690_1772.mp4
val_0080,val,hello,MS-ASL,data/msasl/hello/HUMEcnkvhJU_13551_13588.mp4
val_0081,val,hello,MS-ASL,data/msasl/hello/HUMEcnkvhJU_13588_13617.mp4
val_0082,val,hello,MS-ASL,data/msasl/hello/K8T0-zeB3jc_98_132.mp4
val_0083,val,hello,MS-ASL,data/msasl/hello/RMUydgQr9TE_125_190.mp4
val_0084,val,hello,MS-ASL,data/msasl/hello/V8DTIPK4QlU_6_39.mp4
val_0085,val,hello,MS-ASL,data/msasl/hello/ZgUBU0NNEDU_106_146.mp4
val_0086,val,hello,MS-ASL,data/msasl/hello/bhSbk9eQPu4_21_48.mp4
val_0087,val,hello,MS-ASL,data/msasl/hello/eLpHf9bfdsI_92_124.mp4
val_0088,val,hello,MS-ASL,data/msasl/hello/exk-qIRNw7Y_10_45.mp4
val_0089,val,hello,MS-ASL,data/msasl/hello/kZuJalsv_z0_2149_2263.mp4
val_0090,val,learn,MS-ASL,data/msasl/learn/0bIF7jh6lnE_1503_1523.mp4
val_0091,val,learn,MS-ASL,data/msasl/learn/7b4vSYwKgok_1075_1109.mp4
val_0092,val,learn,MS-ASL,data/msasl/learn/BEKUHzwnVO8_4945_5055.mp4
val_0093,val,learn,MS-ASL,data/msasl/learn/BEKUHzwnVO8_5064_5176.mp4
val_0094,val,learn,MS-ASL,data/msasl/learn/J6H-B-rbdg8_7176_7257.mp4
val_0095,val,learn,MS-ASL,data/msasl/learn/afwqCG7GmrQ_235_298.mp4
val_0096,val,learn,MS-ASL,data/msasl/learn/c49qWjgFtRI_3298_3348.mp4
val_0097,val,learn,MS-ASL,data/msasl/learn/c49qWjgFtRI_3378_3528.mp4
val_0098,val,learn,MS-ASL,data/msasl/learn/c49qWjgFtRI_3624_3674.mp4
val_0099,val,like,MS-ASL,data/msasl/like/1bj72qXSy8c_5492_5566.mp4
val_0100,val,like,MS-ASL,data/msasl/like/CxTSVyM-ij0_8994_9044.mp4
val_0101,val,like,MS-ASL,data/msasl/like/CxTSVyM-ij0_9114_9164.mp4
val_0102,val,like,MS-ASL,data/msasl/like/HUMEcnkvhJU_17826_17956.mp4
val_0103,val,like,MS-ASL,data/msasl/like/HUMEcnkvhJU_18126_18276.mp4
val_0104,val,like,MS-ASL,data/msasl/like/N4n5CDpyX3w_8887_8997.mp4
val_0105,val,like,MS-ASL,data/msasl/like/N4n5CDpyX3w_9010_9120.mp4
val_0106,val,like,MS-ASL,data/msasl/like/RMUydgQr9TE_4360_4422.mp4
val_0107,val,like,MS-ASL,data/msasl/like/ZgUBU0NNEDU_5026_5165.mp4
val_0108,val,like,MS-ASL,data/msasl/like/xIIGn6cn8BI_2569_2627.mp4
val_0109,val,mother,MS-ASL,data/msasl/mother/7m6N78E-5uE_5821_5937.mp4
val_0110,val,mother,MS-ASL,data/msasl/mother/7m6N78E-5uE_5972_6130.mp4
val_0111,val,mother,MS-ASL,data/msasl/mother/BEKUHzwnVO8_7542_7683.mp4
val_0112,val,mother,MS-ASL,data/msasl/mother/GOczM9jk2xY_3564_3634.mp4
val_0113,val,mother,MS-ASL,data/msasl/mother/HUMEcnkvhJU_19964_20054.mp4
val_0114,val,mother,MS-ASL,data/msasl/mother/dtSmDTn3zkk_1029_1220.mp4
val_0115,val,mother,MS-ASL,data/msasl/mother/qysriDtUS5o_486_528.mp4
val_0116,val,mother,MS-ASL,data/msasl/mother/uE3IDWh0xnA_149_179.mp4
val_0117,val,mother,MS-ASL,data/msasl/mother/ucXplZLMUzY_1124_1199.mp4
val_0118,val,need,MS-ASL,data/msasl/need/-hzoIOWYJac_1322_1386.mp4
val_0119,val,need,MS-ASL,data/msasl/need/1v-MqrbC5Js_2258_2319.mp4
val_0120,val,need,MS-ASL,data/msasl/need/5LuS-TTg7rA_1055_1102.mp4
val_0121,val,need,MS-ASL,data/msasl/need/5LuS-TTg7rA_1125_1179.mp4
val_0122,val,need,MS-ASL,data/msasl/need/5sILDEiOcQ0_4246_4322.mp4
val_0123,val,need,MS-ASL,data/msasl/need/7b4vSYwKgok_1831_1869.mp4
val_0124,val,need,MS-ASL,data/msasl/need/8W98Dr2gH_g_3934_4041.mp4
val_0125,val,need,MS-ASL,data/msasl/need/8W98Dr2gH_g_5534_5625.mp4
val_0126,val,need,MS-ASL,data/msasl/need/UlRyKsP78qQ_2504_2557.mp4
val_0127,val,need,MS-ASL,data/msasl/need/uwIh6Tv6dzA_7255_7395.mp4
val_0128,val,nice,MS-ASL,data/msasl/nice/1bj72qXSy8c_6654_6735.mp4
val_0129,val,nice,MS-ASL,data/msasl/nice/61q-PJr_UvM_1556_1611.mp4
val_0130,val,nice,MS-ASL,data/msasl/nice/BEKUHzwnVO8_14250_14438.mp4
val_0131,val,nice,MS-ASL,data/msasl/nice/FRQbKDZeRzM_14039_14147.mp4
val_0132,val,nice,MS-ASL,data/msasl/nice/FRQbKDZeRzM_14159_14267.mp4
val_0133,val,nice,MS-ASL,data/msasl/nice/HUMEcnkvhJU_22384_22422.mp4
val_0134,val,nice,MS-ASL,data/msasl/nice/HUMEcnkvhJU_22438_22489.mp4
val_0135,val,nice,MS-ASL,data/msasl/nice/PBDUwwE9BFM_7620_7704.mp4
val_0136,val,nice,MS-ASL,data/msasl/nice/kwCfdkhc37c_963_1008.mp4
val_0137,val,nice,MS-ASL,data/msasl/nice/t3jDMiQI5uQ_1424_1542.mp4
val_0138,val,no,MS-ASL,data/msasl/no/0bIF7jh6lnE_3335_3363.mp4
val_0139,val,no,MS-ASL,data/msasl/no/0bIF7jh6lnE_3361_3400.mp4
val_0140,val,no,MS-ASL,data/msasl/no/0bIF7jh6lnE_3384_3437.mp4
val_0141,val,no,MS-ASL,data/msasl/no/BEKUHzwnVO8_10691_10870.mp4
val_0142,val,no,MS-ASL,data/msasl/no/FBimL8-ND3E_1852_1896.mp4
val_0143,val,no,MS-ASL,data/msasl/no/FBimL8-ND3E_1946_2029.mp4
val_0144,val,no,MS-ASL,data/msasl/no/HUMEcnkvhJU_23371_23641.mp4
val_0145,val,no,MS-ASL,data/msasl/no/RMUydgQr9TE_674_742.mp4
val_0146,val,no,MS-ASL,data/msasl/no/RMUydgQr9TE_799_843.mp4
val_0147,val,no,MS-ASL,data/msasl/no/RMUydgQr9TE_874_918.mp4
val_0148,val,no,MS-ASL,data/msasl/no/SJAhRxI7i9c_3229_3302.mp4
val_0149,val,no,MS-ASL,data/msasl/no/bX1eJjB3nyA_4482_4570.mp4
val_0150,val,please,MS-ASL,data/msasl/please/FBimL8-ND3E_2299_2339.mp4
val_0151,val,please,MS-ASL,data/msasl/please/FBimL8-ND3E_2409_2469.mp4
val_0152,val,please,MS-ASL,data/msasl/please/HUMEcnkvhJU_28094_28126.mp4
val_0153,val,please,MS-ASL,data/msasl/please/HUMEcnkvhJU_28147_28261.mp4
val_0154,val,please,MS-ASL,data/msasl/please/RMUydgQr9TE_1151_1201.mp4
val_0155,val,sad,MS-ASL,data/msasl/sad/91foGHKuwL0_2825_2942.mp4
val_0156,val,sad,MS-ASL,data/msasl/sad/CxTSVyM-ij0_4093_4266.mp4
val_0157,val,sad,MS-ASL,data/msasl/sad/HBQaI1ZG-LU_2327_2417.mp4
val_0158,val,sad,MS-ASL,data/msasl/sad/HUMEcnkvhJU_28376_28474.mp4
val_0159,val,sad,MS-ASL,data/msasl/sad/N4n5CDpyX3w_7879_7987.mp4
val_0160,val,sad,MS-ASL,data/msasl/sad/N4n5CDpyX3w_8000_8108.mp4
val_0161,val,sad,MS-ASL,data/msasl/sad/bX1eJjB3nyA_6400_6429.mp4
val_0162,val,sad,MS-ASL,data/msasl/sad/rIlQQTN2b58_1299_1385.mp4
val_0163,val,school,MS-ASL,data/msasl/school/0bIF7jh6lnE_1734_1794.mp4
val_0164,val,school,MS-ASL,data/msasl/school/0bIF7jh6lnE_1804_1854.mp4
val_0165,val,school,MS-ASL,data/msasl/school/1r5V8ZGwnJg_1165_1222.mp4
val_0166,val,school,MS-ASL,data/msasl/school/HUMEcnkvhJU_29311_29399.mp4
val_0167,val,school,MS-ASL,data/msasl/school/SJAhRxI7i9c_3601_3693.mp4
val_0168,val,school,MS-ASL,data/msasl/school/c49qWjgFtRI_1063_1113.mp4
val_0169,val,school,MS-ASL,data/msasl/school/ig7SKr3tvWc_0_115.mp4
val_0170,val,school,MS-ASL,data/msasl/school/ucXplZLMUzY_716_788.mp4
val_0171,val,school,MS-ASL,data/msasl/school/xIIGn6cn8BI_11_92.mp4
val_0172,val,school,MS-ASL,data/msasl/school/xIIGn6cn8BI_3830_3908.mp4
val_0173,val,teacher,MS-ASL,data/msasl/teacher/0bIF7jh6lnE_1250_1291.mp4
val_0174,val,teacher,MS-ASL,data/msasl/teacher/0bIF7jh6lnE_1293_1376.mp4
val_0175,val,teacher,MS-ASL,data/msasl/teacher/0bIF7jh6lnE_1392_1466.mp4
val_0176,val,teacher,MS-ASL,data/msasl/teacher/7klDf0ZSN_M_2975_3017.mp4
val_0177,val,teacher,MS-ASL,data/msasl/teacher/BEKUHzwnVO8_6036_6156.mp4
val_0178,val,teacher,MS-ASL,data/msasl/teacher/BEKUHzwnVO8_6176_6296.mp4
val_0179,val,teacher,MS-ASL,data/msasl/teacher/IeH7XYbo0yg_204_278.mp4
val_0180,val,teacher,MS-ASL,data/msasl/teacher/bX1eJjB3nyA_13238_13281.mp4
val_0181,val,teacher,MS-ASL,data/msasl/teacher/c49qWjgFtRI_2807_2882.mp4
val_0182,val,teacher,MS-ASL,data/msasl/teacher/iR6M4P6XqB0_1573_1723.mp4
val_0183,val,teacher,MS-ASL,data/msasl/teacher/oXzTnqvjnN8_1991_2026.mp4
val_0184,val,teacher,MS-ASL,data/msasl/teacher/xIIGn6cn8BI_4587_4663.mp4
val_0185,val,tired,MS-ASL,data/msasl/tired/91foGHKuwL0_8453_8581.mp4
val_0186,val,tired,MS-ASL,data/msasl/tired/CxTSVyM-ij0_7750_7830.mp4
val_0187,val,tired,MS-ASL,data/msasl/tired/CxTSVyM-ij0_7840_7935.mp4
val_0188,val,tired,MS-ASL,data/msasl/tired/HBQaI1ZG-LU_3488_3615.mp4
val_0189,val,tired,MS-ASL,data/msasl/tired/PBDUwwE9BFM_2243_2347.mp4
val_0190,val,tired,MS-ASL,data/msasl/tired/ZgUBU0NNEDU_8270_8360.mp4
val_0191,val,tired,MS-ASL,data/msasl/tired/ZgUBU0NNEDU_8360_8460.mp4
val_0192,val,tired,MS-ASL,data/msasl/tired/ZgUBU0NNEDU_8490_8550.mp4
val_0193,val,tired,MS-ASL,data/msasl/tired/bX1eJjB3nyA_6574_6602.mp4
val_0194,val,tired,MS-ASL,data/msasl/tired/kZuJalsv_z0_4410_4506.mp4
val_0195,val,tired,MS-ASL,data/msasl/tired/qdC7SfVp8iQ_0_100.mp4
val_0196,val,want,MS-ASL,data/msasl/want/CxTSVyM-ij0_9350_9420.mp4
val_0197,val,want,MS-ASL,data/msasl/want/CxTSVyM-ij0_9450_9530.mp4
val_0198,val,want,MS-ASL,data/msasl/want/FBimL8-ND3E_3996_4066.mp4
val_0199,val,want,MS-ASL,data/msasl/want/FBimL8-ND3E_4096_4176.mp4
val_0200,val,yes,MS-ASL,data/msasl/yes/0bIF7jh6lnE_3122_3243.mp4
val_0201,val,yes,MS-ASL,data/msasl/yes/0bIF7jh6lnE_3233_3285.mp4
val_0202,val,yes,MS-ASL,data/msasl/yes/0bIF7jh6lnE_3283_3307.mp4
val_0203,val,yes,MS-ASL,data/msasl/yes/5sILDEiOcQ0_5395_5477.mp4
val_0204,val,yes,MS-ASL,data/msasl/yes/HUMEcnkvhJU_39864_39944.mp4
val_0205,val,yes,MS-ASL,data/msasl/yes/HUMEcnkvhJU_39944_40054.mp4
val_0206,val,yes,MS-ASL,data/msasl/yes/RMUydgQr9TE_568_636.mp4
val_0207,val,yes,MS-ASL,data/msasl/yes/SJAhRxI7i9c_4914_5019.mp4
val_0208,val,yes,MS-ASL,data/msasl/yes/bX1eJjB3nyA_4333_4394.mp4
a001,test,deaf,MS-ASL,data/msasl/deaf/-msMbTjOPyk_206_228.mp4
a002,test,deaf,MS-ASL,data/msasl/deaf/2VB3WN8adyM_4628_4766.mp4
a003,test,deaf,MS-ASL,data/msasl/deaf/9g-hioQapYE_13219_13260.mp4
a004,test,deaf,MS-ASL,data/msasl/deaf/FwGL9FjFpYI_1990_2085.mp4
a005,test,deaf,MS-ASL,data/msasl/deaf/KTURNRi-wy0_1187_1269.mp4
a006,test,deaf,MS-ASL,data/msasl/deaf/KTURNRi-wy0_1355_1428.mp4
a007,test,deaf,MS-ASL,data/msasl/deaf/KTURNRi-wy0_1461_1510.mp4
b001,test,eat,MS-ASL,data/msasl/eat/CmKYKBQuHf4_413_606.mp4
b002,test,eat,MS-ASL,data/msasl/eat/GmxS5HkNc3o_2898_3007.mp4
b003,test,eat,MS-ASL,data/msasl/eat/KFSLtsOwZiU_62_121.mp4
b004,test,eat,MS-ASL,data/msasl/eat/XleDZhobVno_0_41.mp4
b005,test,eat,MS-ASL,data/msasl/eat/eeHS78JyN70_3028_3108.mp4
b006,test,eat,MS-ASL,data/msasl/eat/eeHS78JyN70_3118_3208.mp4
b007,test,eat,MS-ASL,data/msasl/eat/g59_3vr_NT0_2181_2305.mp4
c001,test,father,MS-ASL,data/msasl/father/7ECOJV4I3Gs_0_51.mp4
c002,test,father,MS-ASL,data/msasl/father/9g-hioQapYE_12883_12946.mp4
c003,test,father,MS-ASL,data/msasl/father/JYF-AfMbUNw_571_660.mp4
c004,test,father,MS-ASL,data/msasl/father/bXyG4iebEBo_1559_1663.mp4
c005,test,father,MS-ASL,data/msasl/father/ktkz1BUzs48_703_749.mp4
c006,test,father,MS-ASL,data/msasl/father/psspxdbtM3k_424_474.mp4
c007,test,father,MS-ASL,data/msasl/father/ybhXZy32d1E_297_368.mp4
d001,test,finish,MS-ASL,data/msasl/finish/9g-hioQapYE_9031_9079.mp4
d002,test,finish,MS-ASL,data/msasl/finish/GmxS5HkNc3o_1704_1817.mp4
d003,test,finish,MS-ASL,data/msasl/finish/JDc62QM6-GU_0_98.mp4
d004,test,finish,MS-ASL,data/msasl/finish/bXyG4iebEBo_4438_4468.mp4
d005,test,finish,MS-ASL,data/msasl/finish/f7tZegTJCWo_438_509.mp4
d006,test,finish,MS-ASL,data/msasl/finish/oonCVbzm2UE_385_438.mp4
d007,test,finish,MS-ASL,data/msasl/finish/otTiJBUrJmI_4428_4454.mp4
e001,test,good,MS-ASL,data/msasl/good/9g-hioQapYE_8589_8649.mp4
e002,test,good,MS-ASL,data/msasl/good/FwGL9FjFpYI_4307_4362.mp4
e003,test,good,MS-ASL,data/msasl/good/FwGL9FjFpYI_4415_4505.mp4
e004,test,good,MS-ASL,data/msasl/good/g59_3vr_NT0_3207_3288.mp4
e005,test,good,MS-ASL,data/msasl/good/hCxSiN-vZS8_663_704.mp4
e006,test,good,MS-ASL,data/msasl/good/hKogDJd0yc4_14441_14491.mp4
e007,test,good,MS-ASL,data/msasl/good/hKogDJd0yc4_14541_14591.mp4
f001,test,happy,MS-ASL,data/msasl/happy/Abj2Yj4vbtk_6630_6691.mp4
f002,test,happy,MS-ASL,data/msasl/happy/FwGL9FjFpYI_4833_4910.mp4
f003,test,happy,MS-ASL,data/msasl/happy/FwGL9FjFpYI_4960_5040.mp4
f004,test,happy,MS-ASL,data/msasl/happy/R_G5zGVHxkU_483_574.mp4
f005,test,happy,MS-ASL,data/msasl/happy/R_G5zGVHxkU_606_748.mp4
f006,test,happy,MS-ASL,data/msasl/happy/Xq3QAqQXpTM_6932_6999.mp4
f007,test,happy,MS-ASL,data/msasl/happy/hCxSiN-vZS8_953_1021.mp4
g001,test,hello,MS-ASL,data/msasl/hello/-DMFu-nAsok_26_60.mp4
g002,test,hello,MS-ASL,data/msasl/hello/2VB3WN8adyM_2240_2316.mp4
g003,test,hello,MS-ASL,data/msasl/hello/9g-hioQapYE_2_47.mp4
g004,test,hello,MS-ASL,data/msasl/hello/FwGL9FjFpYI_5498_5578.mp4
g005,test,hello,MS-ASL,data/msasl/hello/kVIt-qr5P2s_84_150.mp4
g006,test,hello,MS-ASL,data/msasl/hello/xQR5y_xUtpA_118_158.mp4
g007,test,hello,MS-ASL,data/msasl/hello/xmM5-XsE8Ac_0_44.mp4
h001,test,learn,MS-ASL,data/msasl/learn/9bosgmeAAuo_726_796.mp4
h002,test,learn,MS-ASL,data/msasl/learn/9bosgmeAAuo_826_906.mp4
h003,test,learn,MS-ASL,data/msasl/learn/9g-hioQapYE_13839_13896.mp4
h004,test,learn,MS-ASL,data/msasl/learn/FwGL9FjFpYI_6759_6879.mp4
h005,test,learn,MS-ASL,data/msasl/learn/FwrpfdqyEDo_0_117.mp4
h006,test,learn,MS-ASL,data/msasl/learn/KTURNRi-wy0_2808_2866.mp4
h007,test,learn,MS-ASL,data/msasl/learn/xbVVThaez2g_1539_1603.mp4
i001,test,like,MS-ASL,data/msasl/like/0qeMFifNqC4_0_90.mp4
i002,test,like,MS-ASL,data/msasl/like/EyWuC4JL4Tk_344_414.mp4
i003,test,like,MS-ASL,data/msasl/like/FwGL9FjFpYI_7036_7126.mp4
i004,test,like,MS-ASL,data/msasl/like/GmxS5HkNc3o_385_497.mp4
i005,test,like,MS-ASL,data/msasl/like/_bL1hlBmaLI_8292_8419.mp4
i006,test,like,MS-ASL,data/msasl/like/otTiJBUrJmI_2462_2538.mp4
i007,test,like,MS-ASL,data/msasl/like/xQR5y_xUtpA_2615_2671.mp4
j001,test,mother,MS-ASL,data/msasl/mother/9g-hioQapYE_12966_13008.mp4
j002,test,mother,MS-ASL,data/msasl/mother/JYF-AfMbUNw_437_531.mp4
j003,test,mother,MS-ASL,data/msasl/mother/bXyG4iebEBo_2585_2676.mp4
j004,test,mother,MS-ASL,data/msasl/mother/c5a0wBqihes_0_41.mp4
j005,test,mother,MS-ASL,data/msasl/mother/ktkz1BUzs48_793_840.mp4
j006,test,mother,MS-ASL,data/msasl/mother/psspxdbtM3k_357_402.mp4
j007,test,mother,MS-ASL,data/msasl/mother/ybhXZy32d1E_423_487.mp4
k001,test,need,MS-ASL,data/msasl/need/_LGqHR3FhL8_14823_14893.mp4
k002,test,need,MS-ASL,data/msasl/need/_LGqHR3FhL8_14893_14963.mp4
k003,test,need,MS-ASL,data/msasl/need/_LGqHR3FhL8_15467_15527.mp4
k004,test,need,MS-ASL,data/msasl/need/_LGqHR3FhL8_15547_15637.mp4
k005,test,need,MS-ASL,data/msasl/need/jE6qpXmh4VU_3061_3111.mp4
k006,test,need,MS-ASL,data/msasl/need/jE6qpXmh4VU_625_669.mp4
k007,test,need,MS-ASL,data/msasl/need/otTiJBUrJmI_2841_2913.mp4
l001,test,nice,MS-ASL,data/msasl/nice/9g-hioQapYE_24646_24683.mp4
l002,test,nice,MS-ASL,data/msasl/nice/CYLvY25yI9c_0_42.mp4
l003,test,nice,MS-ASL,data/msasl/nice/FwGL9FjFpYI_8216_8328.mp4
l004,test,nice,MS-ASL,data/msasl/nice/KTURNRi-wy0_1772_1828.mp4
l005,test,nice,MS-ASL,data/msasl/nice/R_G5zGVHxkU_10100_10204.mp4
l006,test,nice,MS-ASL,data/msasl/nice/R_G5zGVHxkU_10235_10372.mp4
l007,test,nice,MS-ASL,data/msasl/nice/dELt8wh_5nA_9712_9808.mp4
m001,test,no,MS-ASL,data/msasl/no/0HvgswZfDGI_0_35.mp4
m002,test,no,MS-ASL,data/msasl/no/FwGL9FjFpYI_16043_16088.mp4
m003,test,no,MS-ASL,data/msasl/no/FwGL9FjFpYI_16091_16127.mp4
m004,test,no,MS-ASL,data/msasl/no/JYF-AfMbUNw_7813_7902.mp4
m005,test,no,MS-ASL,data/msasl/no/URb48i4X52U_0_81.mp4
m006,test,no,MS-ASL,data/msasl/no/g59_3vr_NT0_5071_5163.mp4
m007,test,no,MS-ASL,data/msasl/no/sQELZPmche8_1301_1360.mp4
n001,test,please,MS-ASL,data/msasl/please/2VB3WN8adyM_2719_2812.mp4
n002,test,please,MS-ASL,data/msasl/please/9g-hioQapYE_7926_7974.mp4
n003,test,please,MS-ASL,data/msasl/please/FwGL9FjFpYI_8831_8959.mp4
n004,test,please,MS-ASL,data/msasl/please/bXyG4iebEBo_3283_3392.mp4
n005,test,please,MS-ASL,data/msasl/please/sQELZPmche8_577_671.mp4
n006,test,please,MS-ASL,data/msasl/please/xbVVThaez2g_735_802.mp4
o001,test,sad,MS-ASL,data/msasl/sad/9g-hioQapYE_2751_2801.mp4
o002,test,sad,MS-ASL,data/msasl/sad/FwGL9FjFpYI_9151_9261.mp4
o003,test,sad,MS-ASL,data/msasl/sad/R_G5zGVHxkU_1046_1141.mp4
o004,test,sad,MS-ASL,data/msasl/sad/R_G5zGVHxkU_901_1003.mp4
o005,test,sad,MS-ASL,data/msasl/sad/s-Km4Ni0Zko_367_401.mp4
o006,test,sad,MS-ASL,data/msasl/sad/wLfH8VE_Vyo_0_38.mp4
o007,test,sad,MS-ASL,data/msasl/sad/xQR5y_xUtpA_1419_1505.mp4
p001,test,school,MS-ASL,data/msasl/school/9g-hioQapYE_3098_3142.mp4
p002,test,school,MS-ASL,data/msasl/school/CJcFBjT7fkc_1274_1316.mp4
p003,test,school,MS-ASL,data/msasl/school/EFTKM2dMkBE_1169_1243.mp4
p004,test,school,MS-ASL,data/msasl/school/FwGL9FjFpYI_9564_9703.mp4
p005,test,school,MS-ASL,data/msasl/school/g59_3vr_NT0_5602_5692.mp4
p006,test,school,MS-ASL,data/msasl/school/o8vR5ZtYFFs_0_37.mp4
q001,test,teacher,MS-ASL,data/msasl/teacher/9g-hioQapYE_16856_16897.mp4
q002,test,teacher,MS-ASL,data/msasl/teacher/FwGL9FjFpYI_10867_10977.mp4
q003,test,teacher,MS-ASL,data/msasl/teacher/G77ZoILMYw4_9960_10049.mp4
q004,test,teacher,MS-ASL,data/msasl/teacher/KTURNRi-wy0_3821_3890.mp4
q005,test,teacher,MS-ASL,data/msasl/teacher/N9tVg829W4c_150_220.mp4
q006,test,teacher,MS-ASL,data/msasl/teacher/N9tVg829W4c_20_90.mp4
q007,test,teacher,MS-ASL,data/msasl/teacher/bXyG4iebEBo_3807_3906.mp4
r001,test,tired,MS-ASL,data/msasl/tired/FwGL9FjFpYI_11101_11242.mp4
r002,test,tired,MS-ASL,data/msasl/tired/R_G5zGVHxkU_4801_4910.mp4
r003,test,tired,MS-ASL,data/msasl/tired/R_G5zGVHxkU_4933_5056.mp4
r004,test,tired,MS-ASL,data/msasl/tired/Z7Z6RzQ4vCU_2325_2401.mp4
r005,test,tired,MS-ASL,data/msasl/tired/eeHS78JyN70_21796_21866.mp4
r006,test,tired,MS-ASL,data/msasl/tired/eeHS78JyN70_21886_21966.mp4
r007,test,tired,MS-ASL,data/msasl/tired/hCxSiN-vZS8_876_943.mp4
s001,test,want,MS-ASL,data/msasl/want/9g-hioQapYE_24423_24468.mp4
s002,test,want,MS-ASL,data/msasl/want/FwGL9FjFpYI_12131_12237.mp4
s003,test,want,MS-ASL,data/msasl/want/KTURNRi-wy0_2399_2443.mp4
s004,test,want,MS-ASL,data/msasl/want/co7zdtkJW1E_0_72.mp4
s005,test,want,MS-ASL,data/msasl/want/otTiJBUrJmI_3987_4075.mp4
s006,test,want,MS-ASL,data/msasl/want/xQR5y_xUtpA_2832_2877.mp4
t001,test,yes,MS-ASL,data/msasl/yes/-on_5PoBEak_0_86.mp4
t002,test,yes,MS-ASL,data/msasl/yes/FwGL9FjFpYI_15949_16041.mp4
t003,test,yes,MS-ASL,data/msasl/yes/g59_3vr_NT0_7840_7961.mp4
t004,test,yes,MS-ASL,data/msasl/yes/gPlAfYvevxc_0_78.mp4
t005,test,yes,MS-ASL,data/msasl/yes/kMO8kgPiQHY_0_44.mp4
t006,test,yes,MS-ASL,data/msasl/yes/sQELZPmche8_1193_1272.mp4
