Example ID,Algorithmic Prediction,True Word
train_0001,mother,deaf
train_0002,mother,deaf
train_0003,yes,deaf
train_0004,yes,deaf
train_0005,yes,deaf
train_0006,yes,deaf
train_0007,yes,deaf
train_0008,father,deaf
train_0009,mother,deaf
train_0010,yes,deaf
train_0011,mother,deaf
train_0012,father,deaf
train_0013,yes,deaf
train_0014,yes,deaf
train_0015,yes,deaf
train_0016,yes,deaf
train_0017,yes,deaf
train_0018,mother,deaf
train_0019,yes,deaf
train_0020,happy,deaf
train_0021,mother,deaf
train_0022,father,deaf
train_0023,mother,deaf
train_0024,mother,deaf
train_0025,mother,deaf
train_0026,yes,deaf
train_0027,yes,deaf
train_0028,mother,deaf
train_0029,yes,deaf
train_0030,mother,deaf
train_0031,teacher,deaf
train_0032,yes,deaf
train_0033,mother,deaf
train_0034,mother,deaf
train_0035,mother,deaf
train_0036,mother,deaf
train_0037,yes,deaf
train_0038,yes,deaf
train_0039,mother,deaf
train_0040,mother,deaf
train_0041,yes,deaf
train_0042,yes,deaf
train_0043,yes,eat
train_0044,happy,eat
train_0045,father,eat
train_0046,yes,eat
train_0047,yes,eat
train_0048,father,eat
train_0049,yes,eat
train_0050,happy,eat
train_0051,happy,eat
train_0052,happy,eat
train_0053,yes,eat
train_0054,mother,eat
train_0055,teacher,eat
train_0056,mother,eat
train_0057,happy,eat
train_0058,happy,eat
train_0059,sad,eat
train_0060,yes,eat
train_0061,happy,eat
train_0062,yes,eat
train_0063,mother,eat
train_0064,yes,eat
train_0065,mother,eat
train_0066,yes,eat
train_0067,mother,eat
train_0068,yes,eat
train_0069,yes,eat
train_0070,happy,eat
train_0071,mother,eat
train_0072,yes,eat
train_0073,mother,eat
train_0074,mother,eat
train_0075,mother,eat
train_0076,happy,eat
train_0077,yes,eat
train_0078,happy,eat
train_0079,happy,eat
train_0080,yes,eat
train_0081,yes,eat
train_0082,happy,eat
train_0083,yes,eat
train_0084,mother,eat
train_0085,yes,eat
train_0086,yes,eat
train_0087,yes,eat
train_0088,yes,eat
train_0089,yes,eat
train_0090,yes,eat
train_0091,yes,eat
train_0092,yes,eat
train_0093,father,father
train_0094,father,father
train_0095,father,father
train_0096,teacher,father
train_0097,mother,father
train_0098,mother,father
train_0099,mother,father
train_0100,mother,father
train_0101,father,father
train_0102,mother,father
train_0103,father,father
train_0104,father,father
train_0105,father,father
train_0106,father,father
train_0107,mother,father
train_0108,mother,father
train_0109,mother,father
train_0110,teacher,father
train_0111,mother,father
train_0112,mother,father
train_0113,father,father
train_0114,father,father
train_0115,father,father
train_0116,mother,father
train_0117,teacher,father
train_0118,mother,father
train_0119,father,father
train_0120,yes,father
train_0121,father,father
train_0122,yes,father
train_0123,sad,father
train_0124,mother,father
train_0125,mother,father
train_0126,father,father
train_0127,father,father
train_0128,father,father
train_0129,father,father
train_0130,yes,father
train_0131,mother,father
train_0132,sad,finish
train_0133,happy,finish
train_0134,sad,finish
train_0135,yes,finish
train_0136,happy,finish
train_0137,sad,finish
train_0138,sad,finish
train_0139,father,finish
train_0140,sad,finish
train_0141,happy,finish
train_0142,happy,finish
train_0143,happy,finish
train_0144,happy,finish
train_0145,happy,finish
train_0146,happy,finish
train_0147,happy,finish
train_0148,happy,finish
train_0149,sad,finish
train_0150,happy,finish
train_0151,sad,finish
train_0152,sad,finish
train_0153,happy,finish
train_0154,yes,finish
train_0155,happy,finish
train_0156,father,finish
train_0157,happy,finish
train_0158,yes,finish
train_0159,happy,finish
train_0160,mother,finish
train_0161,teacher,finish
train_0162,sad,finish
train_0163,happy,finish
train_0164,happy,finish
train_0165,happy,finish
train_0166,mother,finish
train_0167,happy,finish
train_0168,happy,finish
train_0169,happy,finish
train_0170,happy,finish
train_0171,mother,finish
train_0172,mother,finish
train_0173,happy,finish
train_0174,yes,finish
train_0175,happy,finish
train_0176,yes,finish
train_0177,happy,finish
train_0178,mother,good
train_0179,yes,good
train_0180,happy,good
train_0181,yes,good
train_0182,yes,good
train_0183,yes,good
train_0184,happy,good
train_0185,happy,good
train_0186,yes,good
train_0187,happy,good
train_0188,mother,good
train_0189,yes,good
train_0190,yes,good
train_0191,yes,good
train_0192,happy,good
train_0193,yes,good
train_0194,mother,good
train_0195,mother,good
train_0196,sad,good
train_0197,sad,good
train_0198,yes,good
train_0199,yes,good
train_0200,father,good
train_0201,mother,good
train_0202,father,good
train_0203,happy,good
train_0204,yes,good
train_0205,yes,good
train_0206,yes,good
train_0207,yes,good
train_0208,father,good
train_0209,yes,good
train_0210,yes,good
train_0211,happy,good
train_0212,yes,good
train_0213,happy,happy
train_0214,yes,happy
train_0215,mother,happy
train_0216,happy,happy
train_0217,happy,happy
train_0218,happy,happy
train_0219,happy,happy
train_0220,happy,happy
train_0221,happy,happy
train_0222,happy,happy
train_0223,sad,happy
train_0224,happy,happy
train_0225,happy,happy
train_0226,happy,happy
train_0227,yes,happy
train_0228,yes,happy
train_0229,yes,happy
train_0230,happy,happy
train_0231,yes,happy
train_0232,yes,happy
train_0233,happy,happy
train_0234,happy,happy
train_0235,yes,happy
train_0236,happy,happy
train_0237,yes,happy
train_0238,happy,happy
train_0239,happy,happy
train_0240,happy,happy
train_0241,happy,happy
train_0242,happy,happy
train_0243,yes,happy
train_0244,mother,hello
train_0245,father,hello
train_0246,mother,hello
train_0247,mother,hello
train_0248,mother,hello
train_0249,father,hello
train_0250,father,hello
train_0251,teacher,hello
train_0252,mother,hello
train_0253,mother,hello
train_0254,mother,hello
train_0255,father,hello
train_0256,father,hello
train_0257,father,hello
train_0258,father,hello
train_0259,mother,hello
train_0260,father,hello
train_0261,yes,hello
train_0262,yes,hello
train_0263,father,hello
train_0264,father,hello
train_0265,yes,hello
train_0266,yes,hello
train_0267,father,learn
train_0268,happy,learn
train_0269,yes,learn
train_0270,mother,learn
train_0271,happy,learn
train_0272,mother,learn
train_0273,mother,learn
train_0274,mother,learn
train_0275,yes,learn
train_0276,father,learn
train_0277,mother,learn
train_0278,sad,learn
train_0279,father,learn
train_0280,father,learn
train_0281,father,learn
train_0282,sad,learn
train_0283,sad,learn
train_0284,sad,learn
train_0285,happy,learn
train_0286,father,learn
train_0287,yes,learn
train_0288,mother,learn
train_0289,sad,learn
train_0290,mother,learn
train_0291,father,learn
train_0292,sad,learn
train_0293,father,learn
train_0294,mother,learn
train_0295,mother,learn
train_0296,yes,learn
train_0297,yes,learn
train_0298,happy,learn
train_0299,mother,learn
train_0300,mother,learn
train_0301,mother,learn
train_0302,teacher,learn
train_0303,yes,learn
train_0304,mother,learn
train_0305,yes,like
train_0306,yes,like
train_0307,mother,like
train_0308,yes,like
train_0309,happy,like
train_0310,yes,like
train_0311,yes,like
train_0312,yes,like
train_0313,mother,like
train_0314,yes,like
train_0315,teacher,like
train_0316,yes,like
train_0317,happy,like
train_0318,yes,like
train_0319,happy,like
train_0320,yes,like
train_0321,yes,like
train_0322,yes,like
train_0323,happy,like
train_0324,sad,like
train_0325,happy,like
train_0326,mother,like
train_0327,yes,like
train_0328,yes,like
train_0329,happy,like
train_0330,yes,like
train_0331,happy,like
train_0332,happy,like
train_0333,mother,like
train_0334,yes,like
train_0335,sad,like
train_0336,yes,like
train_0337,mother,like
train_0338,happy,like
train_0339,mother,like
train_0340,happy,like
train_0341,yes,like
train_0342,yes,like
train_0343,yes,like
train_0344,yes,like
train_0345,yes,like
train_0346,yes,like
train_0347,yes,mother
train_0348,yes,mother
train_0349,mother,mother
train_0350,mother,mother
train_0351,mother,mother
train_0352,yes,mother
train_0353,mother,mother
train_0354,yes,mother
train_0355,mother,mother
train_0356,yes,mother
train_0357,yes,mother
train_0358,yes,mother
train_0359,mother,mother
train_0360,mother,mother
train_0361,mother,mother
train_0362,yes,mother
train_0363,yes,mother
train_0364,yes,mother
train_0365,sad,mother
train_0366,yes,mother
train_0367,yes,mother
train_0368,mother,mother
train_0369,father,mother
train_0370,happy,mother
train_0371,yes,mother
train_0372,father,mother
train_0373,mother,mother
train_0374,mother,mother
train_0375,yes,mother
train_0376,yes,mother
train_0377,father,mother
train_0378,mother,mother
train_0379,yes,mother
train_0380,mother,mother
train_0381,mother,mother
train_0382,mother,mother
train_0383,yes,mother
train_0384,mother,mother
train_0385,mother,mother
train_0386,yes,mother
train_0387,mother,mother
train_0388,mother,mother
train_0389,yes,mother
train_0390,yes,need
train_0391,father,need
train_0392,yes,need
train_0393,mother,need
train_0394,yes,need
train_0395,yes,need
train_0396,yes,need
train_0397,mother,need
train_0398,sad,need
train_0399,yes,need
train_0400,mother,need
train_0401,sad,need
train_0402,mother,need
train_0403,yes,need
train_0404,yes,need
train_0405,yes,need
train_0406,yes,need
train_0407,happy,need
train_0408,teacher,need
train_0409,yes,need
train_0410,yes,need
train_0411,sad,need
train_0412,yes,need
train_0413,yes,need
train_0414,mother,need
train_0415,yes,need
train_0416,yes,need
train_0417,mother,need
train_0418,yes,need
train_0419,yes,need
train_0420,yes,need
train_0421,yes,need
train_0422,yes,need
train_0423,yes,need
train_0424,yes,need
train_0425,yes,need
train_0426,happy,nice
train_0427,sad,nice
train_0428,happy,nice
train_0429,mother,nice
train_0430,yes,nice
train_0431,sad,nice
train_0432,yes,nice
train_0433,yes,nice
train_0434,happy,nice
train_0435,sad,nice
train_0436,sad,nice
train_0437,yes,nice
train_0438,happy,nice
train_0439,sad,nice
train_0440,happy,nice
train_0441,happy,nice
train_0442,yes,nice
train_0443,sad,nice
train_0444,yes,nice
train_0445,happy,nice
train_0446,yes,nice
train_0447,yes,nice
train_0448,happy,nice
train_0449,yes,nice
train_0450,yes,nice
train_0451,happy,nice
train_0452,happy,nice
train_0453,happy,nice
train_0454,happy,nice
train_0455,happy,nice
train_0456,happy,nice
train_0457,yes,nice
train_0458,sad,nice
train_0459,sad,nice
train_0460,yes,nice
train_0461,yes,nice
train_0462,happy,nice
train_0463,happy,nice
train_0464,happy,nice
train_0465,happy,nice
train_0466,yes,nice
train_0467,happy,nice
train_0468,yes,nice
train_0469,happy,nice
train_0470,yes,no
train_0471,yes,no
train_0472,yes,no
train_0473,mother,no
train_0474,yes,no
train_0475,yes,no
train_0476,mother,no
train_0477,sad,no
train_0478,father,no
train_0479,father,no
train_0480,yes,no
train_0481,teacher,no
train_0482,happy,no
train_0483,sad,no
train_0484,sad,no
train_0485,mother,no
train_0486,sad,no
train_0487,teacher,no
train_0488,yes,no
train_0489,father,no
train_0490,yes,no
train_0491,mother,no
train_0492,father,no
train_0493,father,no
train_0494,mother,no
train_0495,mother,no
train_0496,mother,no
train_0497,father,no
train_0498,mother,no
train_0499,yes,no
train_0500,mother,no
train_0501,mother,no
train_0502,yes,no
train_0503,yes,no
train_0504,yes,no
train_0505,mother,no
train_0506,yes,no
train_0507,yes,no
train_0508,yes,no
train_0509,yes,no
train_0510,yes,no
train_0511,mother,no
train_0512,mother,no
train_0513,yes,please
train_0514,happy,please
train_0515,happy,please
train_0516,happy,please
train_0517,happy,please
train_0518,sad,please
train_0519,happy,please
train_0520,mother,please
train_0521,sad,please
train_0522,happy,please
train_0523,happy,please
train_0524,happy,please
train_0525,sad,please
train_0526,happy,please
train_0527,happy,please
train_0528,happy,please
train_0529,sad,please
train_0530,yes,please
train_0531,yes,please
train_0532,happy,please
train_0533,yes,please
train_0534,father,please
train_0535,happy,please
train_0536,yes,please
train_0537,happy,please
train_0538,yes,please
train_0539,happy,please
train_0540,sad,please
train_0541,yes,please
train_0542,happy,please
train_0543,yes,please
train_0544,yes,please
train_0545,yes,please
train_0546,happy,please
train_0547,happy,sad
train_0548,sad,sad
train_0549,sad,sad
train_0550,happy,sad
train_0551,sad,sad
train_0552,sad,sad
train_0553,mother,sad
train_0554,happy,sad
train_0555,happy,sad
train_0556,mother,sad
train_0557,sad,sad
train_0558,happy,sad
train_0559,sad,sad
train_0560,sad,sad
train_0561,happy,sad
train_0562,sad,sad
train_0563,teacher,sad
train_0564,happy,sad
train_0565,happy,sad
train_0566,mother,sad
train_0567,happy,sad
train_0568,happy,sad
train_0569,happy,sad
train_0570,sad,sad
train_0571,sad,sad
train_0572,sad,sad
train_0573,sad,sad
train_0574,happy,sad
train_0575,yes,sad
train_0576,yes,sad
train_0577,sad,sad
train_0578,yes,school
train_0579,yes,school
train_0580,yes,school
train_0581,yes,school
train_0582,yes,school
train_0583,yes,school
train_0584,happy,school
train_0585,yes,school
train_0586,yes,school
train_0587,yes,school
train_0588,happy,school
train_0589,yes,school
train_0590,happy,school
train_0591,happy,school
train_0592,happy,school
train_0593,yes,school
train_0594,yes,school
train_0595,yes,school
train_0596,sad,school
train_0597,happy,school
train_0598,happy,school
train_0599,sad,school
train_0600,yes,school
train_0601,yes,school
train_0602,yes,school
train_0603,yes,school
train_0604,yes,school
train_0605,happy,school
train_0606,teacher,school
train_0607,happy,school
train_0608,happy,school
train_0609,happy,school
train_0610,yes,school
train_0611,happy,school
train_0612,happy,school
train_0613,happy,school
train_0614,mother,school
train_0615,happy,school
train_0616,happy,school
train_0617,happy,school
train_0618,father,school
train_0619,happy,school
train_0620,happy,school
train_0621,teacher,teacher
train_0622,teacher,teacher
train_0623,teacher,teacher
train_0624,sad,teacher
train_0625,teacher,teacher
train_0626,yes,teacher
train_0627,mother,teacher
train_0628,teacher,teacher
train_0629,happy,teacher
train_0630,teacher,teacher
train_0631,sad,teacher
train_0632,sad,teacher
train_0633,sad,teacher
train_0634,sad,teacher
train_0635,sad,teacher
train_0636,sad,teacher
train_0637,sad,teacher
train_0638,sad,teacher
train_0639,sad,teacher
train_0640,sad,teacher
train_0641,happy,teacher
train_0642,happy,teacher
train_0643,teacher,teacher
train_0644,sad,teacher
train_0645,sad,teacher
train_0646,sad,teacher
train_0647,sad,teacher
train_0648,mother,teacher
train_0649,happy,teacher
train_0650,mother,teacher
train_0651,teacher,teacher
train_0652,teacher,teacher
train_0653,sad,teacher
train_0654,sad,teacher
train_0655,sad,teacher
train_0656,sad,teacher
train_0657,mother,teacher
train_0658,sad,teacher
train_0659,teacher,teacher
train_0660,happy,teacher
train_0661,happy,teacher
train_0662,yes,teacher
train_0663,sad,teacher
train_0664,sad,teacher
train_0665,sad,teacher
train_0666,sad,tired
train_0667,happy,tired
train_0668,teacher,tired
train_0669,sad,tired
train_0670,happy,tired
train_0671,happy,tired
train_0672,happy,tired
train_0673,sad,tired
train_0674,happy,tired
train_0675,happy,tired
train_0676,happy,tired
train_0677,happy,tired
train_0678,happy,tired
train_0679,happy,tired
train_0680,mother,tired
train_0681,sad,tired
train_0682,yes,tired
train_0683,mother,tired
train_0684,sad,tired
train_0685,happy,tired
train_0686,happy,tired
train_0687,yes,tired
train_0688,sad,tired
train_0689,sad,tired
train_0690,mother,tired
train_0691,happy,tired
train_0692,happy,tired
train_0693,teacher,tired
train_0694,happy,tired
train_0695,yes,tired
train_0696,happy,tired
train_0697,teacher,tired
train_0698,happy,tired
train_0699,happy,tired
train_0700,happy,tired
train_0701,happy,tired
train_0702,sad,tired
train_0703,teacher,tired
train_0704,happy,tired
train_0705,happy,want
train_0706,happy,want
train_0707,happy,want
train_0708,happy,want
train_0709,happy,want
train_0710,happy,want
train_0711,happy,want
train_0712,sad,want
train_0713,happy,want
train_0714,teacher,want
train_0715,happy,want
train_0716,yes,want
train_0717,sad,want
train_0718,happy,want
train_0719,happy,want
train_0720,yes,want
train_0721,yes,want
train_0722,happy,want
train_0723,sad,want
train_0724,sad,want
train_0725,yes,want
train_0726,happy,want
train_0727,happy,want
train_0728,happy,want
train_0729,happy,want
train_0730,sad,want
train_0731,happy,want
train_0732,yes,want
train_0733,happy,want
train_0734,sad,want
train_0735,sad,want
train_0736,sad,want
train_0737,happy,want
train_0738,happy,want
train_0739,teacher,want
train_0740,mother,want
train_0741,happy,want
train_0742,happy,want
train_0743,happy,want
train_0744,happy,want
train_0745,happy,want
train_0746,father,want
train_0747,yes,want
train_0748,happy,want
train_0749,happy,want
train_0750,yes,yes
train_0751,yes,yes
train_0752,yes,yes
train_0753,yes,yes
train_0754,mother,yes
train_0755,yes,yes
train_0756,mother,yes
train_0757,mother,yes
train_0758,mother,yes
train_0759,father,yes
train_0760,yes,yes
train_0761,yes,yes
train_0762,mother,yes
train_0763,happy,yes
train_0764,yes,yes
train_0765,mother,yes
train_0766,yes,yes
train_0767,yes,yes
train_0768,yes,yes
train_0769,mother,yes
train_0770,yes,yes
train_0771,father,yes
train_0772,teacher,yes
train_0773,mother,yes
train_0774,mother,yes
train_0775,mother,yes
train_0776,yes,yes
train_0777,mother,yes
train_0778,yes,yes
train_0779,yes,yes
train_0780,sad,yes
train_0781,mother,yes
train_0782,yes,yes
train_0783,yes,yes
train_0784,mother,yes
train_0785,mother,yes
train_0786,mother,yes
train_0787,yes,yes
train_0788,yes,yes
train_0789,yes,yes
train_0790,yes,yes
train_0791,mother,yes
train_0792,yes,yes
train_0793,yes,yes
train_0794,yes,yes
