example_id,word,row,hands,top,face,chest,balance
train_0031,deaf,top,two,6.1,11.2,3.3,0.53
train_0037,deaf,chest,one,0.0,0.5,6.3,0.02
train_0028,deaf,face,one,0.7,12.9,20.5,0.23
train_0005,deaf,chest,one,0.0,0.2,5.6,0.0
train_0011,deaf,face,one,0.0,7.3,6.0,0.01
train_0026,deaf,chest,one,0.1,1.6,7.4,0.1
train_0029,deaf,chest,one,0.0,1.8,8.5,0.1
train_0012,deaf,top,one,6.3,12.4,9.8,0.15
train_0038,deaf,chest,one,0.0,1.3,12.1,0.04
train_0032,deaf,chest,one,0.0,2.0,4.2,0.01
train_0073,eat,face,one,6.0,10.1,12.8,0.16
train_0082,eat,chest,two,0.1,0.3,1.7,0.73
train_0085,eat,chest,one,0.0,0.0,0.3,0.46
train_0092,eat,chest,one,0.0,0.1,13.2,0.12
train_0065,eat,face,one,1.3,3.0,2.1,0.07
train_0081,eat,chest,one,0.0,0.5,2.5,0.0
train_0045,eat,top,one,22.0,26.7,23.9,0.28
train_0062,eat,chest,one,0.0,0.0,0.6,0.25
train_0069,eat,chest,one,0.0,0.3,3.5,0.05
train_0051,eat,chest,two,0.1,0.7,13.1,0.98
train_0119,father,top,one,1.5,0.0,0.0,0.0
train_0101,father,top,one,4.4,5.4,1.4,0.02
train_0099,father,face,one,8.5,31.6,6.5,0.02
train_0131,father,face,one,2.0,5.0,6.7,0.14
train_0116,father,face,one,0.2,1.0,1.5,0.06
train_0121,father,top,one,1.2,0.3,0.4,0.35
train_0115,father,top,one,0.1,0.2,0.2,0.0
train_0105,father,top,one,4.2,4.3,5.7,0.03
train_0113,father,top,one,13.0,11.0,2.2,0.0
train_0117,father,top,two,11.8,16.1,5.0,0.6
train_0153,finish,chest,two,0.0,1.9,14.1,0.72
train_0160,finish,face,one,3.2,6.8,4.6,0.34
train_0159,finish,chest,two,0.0,0.0,3.1,0.94
train_0142,finish,chest,two,0.0,0.7,13.1,0.87
train_0133,finish,chest,two,0.2,3.1,51.4,0.75
train_0161,finish,top,two,4.3,5.1,5.0,0.63
train_0139,finish,top,one,7.5,5.6,3.5,0.05
train_0147,finish,chest,two,0.0,0.2,17.5,0.63
train_0138,finish,face,two,1.8,40.5,12.4,0.97
train_0177,finish,chest,two,3.1,1.8,9.7,0.98
train_0203,good,chest,two,0.1,0.5,4.0,0.66
train_0197,good,face,two,4.0,8.2,10.1,0.53
train_0182,good,chest,one,0.1,1.9,4.0,0.1
train_0206,good,chest,one,4.5,15.4,40.9,0.06
train_0204,good,chest,one,0.0,0.0,8.4,0.41
train_0178,good,face,one,0.1,0.9,0.8,0.08
train_0210,good,chest,one,0.0,0.1,5.1,0.39
train_0208,good,top,one,0.0,0.0,0.0,0.0
train_0183,good,chest,one,0.2,1.0,6.2,0.29
train_0211,good,chest,two,0.0,0.0,6.3,0.93
train_0217,happy,chest,two,0.5,0.7,30.9,0.99
train_0233,happy,chest,two,0.3,1.7,33.6,1.0
train_0242,happy,chest,two,0.0,0.0,3.0,0.79
train_0213,happy,chest,two,0.0,0.1,18.9,0.64
train_0214,happy,chest,one,0.0,0.0,7.5,0.16
train_0219,happy,chest,two,0.4,2.2,30.3,0.65
train_0241,happy,chest,two,0.0,0.0,3.6,0.71
train_0239,happy,chest,two,0.0,0.0,13.7,0.54
train_0226,happy,chest,two,0.0,0.1,9.9,0.56
train_0225,happy,chest,two,0.0,0.0,13.5,0.75
train_0253,hello,face,one,10.5,19.5,25.0,0.11
train_0260,hello,top,one,24.3,46.9,16.9,0.2
train_0257,hello,top,one,3.6,5.7,5.9,0.03
train_0263,hello,top,one,36.0,52.1,29.0,0.03
train_0250,hello,top,one,14.9,16.9,14.8,0.01
train_0251,hello,top,two,17.6,6.6,0.9,0.62
train_0261,hello,chest,one,1.4,4.8,23.8,0.13
train_0247,hello,face,one,0.3,2.1,2.4,0.0
train_0256,hello,top,one,13.6,16.1,8.5,0.0
train_0254,hello,face,one,5.3,15.8,8.5,0.05
train_0275,learn,chest,one,2.7,11.3,24.7,0.16
train_0271,learn,chest,two,0.4,6.8,16.5,0.8
train_0283,learn,face,two,5.3,16.3,30.6,0.78
train_0280,learn,top,one,10.7,0.7,0.0,0.0
train_0267,learn,top,one,4.3,3.9,3.6,0.33
train_0281,learn,top,one,16.2,14.5,16.3,0.2
train_0290,learn,face,one,1.8,10.8,18.2,0.33
train_0277,learn,face,one,10.6,21.1,24.3,0.32
train_0293,learn,top,one,13.1,20.6,20.7,0.29
train_0276,learn,top,one,8.2,8.0,3.6,0.47
train_0314,like,chest,one,2.0,5.9,20.8,0.47
train_0330,like,chest,one,0.2,1.7,5.5,0.25
train_0310,like,chest,one,0.1,0.4,2.0,0.39
train_0306,like,chest,one,0.1,1.1,4.5,0.07
train_0343,like,,,,,,
train_0340,like,chest,two,0.0,0.0,3.8,0.54
train_0320,like,chest,one,4.8,2.7,12.0,0.19
train_0339,like,face,one,3.8,6.9,10.1,0.12
train_0344,like,chest,one,0.0,0.0,3.8,0.24
train_0323,like,chest,two,0.0,0.0,0.2,0.96
train_0364,mother,chest,one,0.3,1.3,4.9,0.07
train_0369,mother,top,one,0.9,1.4,0.0,0.0
train_0384,mother,face,one,0.0,0.3,0.1,0.0
train_0377,mother,top,one,1.7,2.1,0.8,0.0
train_0361,mother,face,one,0.0,2.8,2.8,0.21
train_0371,mother,chest,one,0.0,0.0,1.3,0.06
train_0389,mother,chest,one,0.1,2.2,6.1,0.04
train_0352,mother,chest,one,0.1,3.8,8.4,0.02
train_0388,mother,face,one,0.7,1.7,0.3,0.02
train_0354,mother,chest,one,0.1,0.8,8.3,0.01
train_0418,need,chest,one,0.2,1.0,5.9,0.05
train_0399,need,chest,one,0.2,1.7,3.6,0.04
train_0411,need,face,two,3.4,9.0,4.5,0.65
train_0404,need,chest,one,0.0,0.2,2.6,0.03
train_0420,need,chest,one,0.0,0.0,4.3,0.0
train_0390,need,chest,one,0.0,2.1,6.5,0.02
train_0400,need,face,one,0.4,6.1,5.8,0.21
train_0424,need,,,,,,
train_0417,need,face,one,6.4,16.4,28.3,0.08
train_0416,need,chest,one,0.0,0.3,3.2,0.04
train_0459,nice,face,two,4.8,12.3,23.4,0.57
train_0461,nice,chest,one,1.1,2.1,5.9,0.2
train_0449,nice,chest,one,0.9,0.7,13.4,0.48
train_0463,nice,chest,two,0.1,0.1,1.5,0.58
train_0458,nice,face,two,3.9,9.8,12.8,0.54
train_0440,nice,chest,two,0.1,0.2,6.2,0.57
train_0431,nice,face,two,0.1,4.6,5.0,0.76
train_0448,nice,chest,two,0.0,0.2,2.3,0.56
train_0455,nice,chest,two,0.0,0.0,2.6,0.99
train_0434,nice,chest,two,5.8,6.9,28.0,0.86
train_0510,no,chest,one,0.0,0.4,2.6,0.0
train_0486,no,face,two,0.9,2.0,0.3,0.97
train_0480,no,chest,one,0.0,0.1,1.8,0.0
train_0484,no,face,two,0.0,2.0,2.1,0.67
train_0487,no,top,two,21.5,12.3,4.8,0.53
train_0472,no,chest,one,0.0,0.0,5.8,0.0
train_0471,no,chest,one,0.0,0.0,0.4,0.02
train_0494,no,face,one,1.3,11.4,5.3,0.41
train_0495,no,face,one,0.1,9.8,6.3,0.36
train_0483,no,face,two,2.6,15.4,14.3,0.92
train_0523,please,chest,two,0.8,0.4,10.8,0.59
train_0544,please,,,,,,
train_0518,please,face,two,0.5,12.3,0.4,0.65
train_0521,please,face,two,0.5,3.0,6.1,0.9
train_0546,please,chest,two,0.0,0.2,13.6,0.64
train_0542,please,chest,two,0.0,0.0,5.9,0.81
train_0534,please,top,one,4.9,5.3,0.1,0.38
train_0540,please,face,two,0.0,3.8,6.6,0.54
train_0533,please,chest,one,0.0,1.7,4.4,0.46
train_0524,please,chest,two,0.0,0.0,8.1,0.81
train_0564,sad,chest,two,0.7,4.1,11.8,0.75
train_0570,sad,face,two,0.9,3.5,6.7,0.63
train_0571,sad,face,two,4.2,12.3,10.1,0.81
train_0565,sad,chest,two,1.8,6.6,25.0,0.63
train_0550,sad,chest,two,0.0,2.8,11.4,0.93
train_0575,sad,,,,,,
train_0551,sad,face,two,1.2,6.1,7.6,0.74
train_0572,sad,face,two,23.9,61.3,43.2,1.0
train_0559,sad,face,two,11.6,68.7,41.1,0.74
train_0574,sad,chest,two,0.7,1.8,3.9,0.72
train_0606,school,top,two,11.7,18.6,0.0,0.65
train_0618,school,top,one,0.0,0.0,0.0,0.0
train_0619,school,chest,two,0.0,0.0,6.1,0.66
train_0613,school,chest,two,0.0,1.9,10.1,0.52
train_0601,school,chest,one,0.0,1.5,12.2,0.44
train_0585,school,chest,one,0.0,1.5,20.1,0.5
train_0612,school,chest,two,0.0,0.2,7.3,0.84
train_0591,school,chest,two,2.7,13.8,32.3,0.6
train_0582,school,chest,one,0.2,2.6,9.6,0.33
train_0587,school,chest,one,0.3,1.9,13.0,0.45
train_0653,teacher,face,two,7.0,17.1,15.9,0.76
train_0644,teacher,face,two,1.3,13.4,11.2,0.98
train_0655,teacher,face,two,0.0,3.4,1.1,0.56
train_0630,teacher,top,two,17.3,27.5,20.7,0.95
train_0621,teacher,top,two,18.1,28.3,21.5,0.73
train_0659,teacher,top,two,62.4,57.2,34.5,0.9
train_0623,teacher,top,two,0.9,1.7,1.3,0.75
train_0638,teacher,face,two,1.4,20.0,10.2,0.84
train_0632,teacher,face,two,0.4,3.9,3.8,0.84
train_0654,teacher,face,two,3.1,32.6,24.8,0.92
train_0679,tired,chest,two,0.1,1.8,35.5,0.74
train_0690,tired,face,one,0.0,3.2,5.0,0.41
train_0676,tired,chest,two,0.3,2.4,5.0,0.79
train_0672,tired,chest,two,0.5,3.5,9.4,0.84
train_0674,tired,chest,two,1.5,5.0,19.7,0.8
train_0682,tired,chest,one,0.0,0.0,1.6,0.0
train_0693,tired,top,two,4.8,7.3,0.2,0.83
train_0667,tired,chest,two,0.1,0.5,3.3,0.78
train_0681,tired,face,two,0.0,3.0,5.5,0.91
train_0697,tired,top,two,20.6,17.9,35.9,0.53
train_0746,want,top,one,0.0,0.0,0.0,0.0
train_0716,want,chest,one,0.0,0.5,1.5,0.29
train_0738,want,chest,two,0.0,0.5,7.4,0.72
train_0741,want,chest,two,0.0,0.0,0.7,0.6
train_0726,want,chest,two,0.0,0.2,11.4,0.81
train_0740,want,face,one,14.0,32.1,33.0,0.31
train_0724,want,face,two,0.0,1.6,1.1,0.97
train_0742,want,chest,two,0.7,0.3,12.3,0.94
train_0720,want,chest,one,0.0,1.0,8.8,0.24
train_0719,want,chest,two,0.0,0.0,5.5,0.83
train_0767,yes,chest,one,0.0,0.6,4.8,0.05
train_0792,yes,chest,one,0.0,0.0,4.0,0.07
train_0753,yes,chest,one,0.2,3.3,9.3,0.12
train_0757,yes,face,one,0.2,9.8,4.7,0.06
train_0776,yes,chest,one,0.9,4.5,12.2,0.28
train_0764,yes,chest,one,0.0,0.0,3.9,0.0
train_0781,yes,face,one,3.9,22.2,23.8,0.32
train_0785,yes,face,one,19.1,92.8,50.8,0.06
train_0793,yes,chest,one,0.0,0.0,7.7,0.0
train_0766,yes,chest,one,0.0,0.2,3.8,0.03
